date,product_category,reseller_name,reseller,sales,incident_start_date,incident_end_date,is_incident,incident_type,incident_hours,incident_days,is_holiday,holiday,Monat,Wochentag,month_name,Month_k,Holiday_1,Incident_1,Weekdays_Monday,Weekdays_Saturday,Weekdays_Thursday,Weekdays_Tuesday,Weekdays_Wednesday,Month_2,Month_3,Month_4,Month_5,Month_6,Month_7,Month_8,Month_9,Month_10,Month_11,Month_12
2022-01-01,PO,CR_LI_HOL/Zalisz K,MSD,946.0,,,0,,0,,1,Neujahr,2022-01-01,Saturday,January,1,1,0,0,1,0,0,0,0,0,0,0,0,0,0,0,0,0,0
2022-01-03,PO,CR_LI_HOL/Zalisz K,MSD,1335.0,2022-01-03,2022-01-03,1,Einschränkung,2,1.0,0,,2022-01-01,Monday,January,1,0,1,1,0,0,0,0,0,0,0,0,0,0,0,0,0,0,0
2022-01-04,PO,CR_LI_HOL/Zalisz K,MSD,624.0,,,0,,0,,0,,2022-01-01,Tuesday,January,1,0,0,0,0,0,1,0,0,0,0,0,0,0,0,0,0,0,0
2022-01-05,PO,CR_LI_HOL/Zalisz K,MSD,570.0,2022-01-05,2022-01-05,1,Einschränkung,1,1.0,0,,2022-01-01,Wednesday,January,1,0,1,0,0,0,0,1,0,0,0,0,0,0,0,0,0,0,0
2022-01-06,PO,CR_LI_HOL/Zalisz K,MSD,470.0,2022-01-06,2022-01-06,1,Ausfall ,14,2.0,0,,2022-01-01,Thursday,January,1,0,1,0,0,1,0,0,0,0,0,0,0,0,0,0,0,0,0
2022-01-07,PO,CR_LI_HOL/Zalisz K,MSD,890.0,,,0,,0,,0,,2022-01-01,Friday,January,1,0,0,0,0,0,0,0,0,0,0,0,0,0,0,0,0,0,0
2022-01-08,PO,CR_LI_HOL/Zalisz K,MSD,984.0,2022-01-08,2022-01-08,1,Ausfall ,3,1.0,0,,2022-01-01,Saturday,January,1,0,1,0,1,0,0,0,0,0,0,0,0,0,0,0,0,0,0
2022-01-10,PO,CR_LI_HOL/Zalisz K,MSD,1128.0,2022-01-10,2022-01-15,1,-,24,6.0,0,,2022-01-01,Monday,January,1,0,1,1,0,0,0,0,0,0,0,0,0,0,0,0,0,0,0
2022-01-11,PO,CR_LI_HOL/Zalisz K,MSD,677.0,2022-01-11,2022-01-15,1,Ausfall,8,2.0,0,,2022-01-01,Tuesday,January,1,0,1,0,0,0,1,0,0,0,0,0,0,0,0,0,0,0,0
2022-01-12,PO,CR_LI_HOL/Zalisz K,MSD,609.0,2022-01-12,2022-01-15,1,Ausfall,24,3.0,0,,2022-01-01,Wednesday,January,1,0,1,0,0,0,0,1,0,0,0,0,0,0,0,0,0,0,0
2022-01-13,PO,CR_LI_HOL/Zalisz K,MSD,759.0,2022-01-13,2022-01-15,1,Ausfall,1,1.0,0,,2022-01-01,Thursday,January,1,0,1,0,0,1,0,0,0,0,0,0,0,0,0,0,0,0,0
2022-01-14,PO,CR_LI_HOL/Zalisz K,MSD,977.0,2022-01-14,2022-01-15,1,Ausfall,2,1.0,0,,2022-01-01,Friday,January,1,0,1,0,0,0,0,0,0,0,0,0,0,0,0,0,0,0,0
2022-01-15,PO,CR_LI_HOL/Zalisz K,MSD,1092.0,2022-01-15,2022-01-15,1,Einschränkung,6,1.0,0,,2022-01-01,Saturday,January,1,0,1,0,1,0,0,0,0,0,0,0,0,0,0,0,0,0,0
2022-01-17,PO,CR_LI_HOL/Zalisz K,MSD,814.0,2022-01-17,2022-01-23,1,Einschränkung,24,18.0,0,,2022-01-01,Monday,January,1,0,1,1,0,0,0,0,0,0,0,0,0,0,0,0,0,0,0
2022-01-18,PO,CR_LI_HOL/Zalisz K,MSD,833.0,2022-01-18,2022-01-23,1,Einschränkung,0,,0,,2022-01-01,Tuesday,January,1,0,1,0,0,0,1,0,0,0,0,0,0,0,0,0,0,0,0
2022-01-19,PO,CR_LI_HOL/Zalisz K,MSD,501.0,2022-01-19,2022-01-23,1,Einschränkung,15,1.0,0,,2022-01-01,Wednesday,January,1,0,1,0,0,0,0,1,0,0,0,0,0,0,0,0,0,0,0
2022-01-20,PO,CR_LI_HOL/Zalisz K,MSD,540.0,2022-01-20,2022-01-23,1,Einschränkung,9,3.0,0,,2022-01-01,Thursday,January,1,0,1,0,0,1,0,0,0,0,0,0,0,0,0,0,0,0,0
2022-01-21,PO,CR_LI_HOL/Zalisz K,MSD,801.0,2022-01-21,2022-01-23,1,-,0,,0,,2022-01-01,Friday,January,1,0,1,0,0,0,0,0,0,0,0,0,0,0,0,0,0,0,0
2022-01-22,PO,CR_LI_HOL/Zalisz K,MSD,1206.0,2022-01-22,2022-01-23,1,-,0,,0,,2022-01-01,Saturday,January,1,0,1,0,1,0,0,0,0,0,0,0,0,0,0,0,0,0,0
2022-01-24,PO,CR_LI_HOL/Zalisz K,MSD,757.0,2022-01-24,2022-01-30,1,-,24,7.0,0,,2022-01-01,Monday,January,1,0,1,1,0,0,0,0,0,0,0,0,0,0,0,0,0,0,0
2022-01-25,PO,CR_LI_HOL/Zalisz K,MSD,545.0,2022-01-25,2022-01-30,1,Einschränkung,24,3.0,0,,2022-01-01,Tuesday,January,1,0,1,0,0,0,1,0,0,0,0,0,0,0,0,0,0,0,0
2022-01-26,PO,CR_LI_HOL/Zalisz K,MSD,833.0,2022-01-26,2022-01-30,1,Einschränkung,0,,0,,2022-01-01,Wednesday,January,1,0,1,0,0,0,0,1,0,0,0,0,0,0,0,0,0,0,0
2022-01-27,PO,CR_LI_HOL/Zalisz K,MSD,748.0,2022-01-27,2022-01-30,1,Einschränkung,11,2.0,0,,2022-01-01,Thursday,January,1,0,1,0,0,1,0,0,0,0,0,0,0,0,0,0,0,0,0
2022-01-28,PO,CR_LI_HOL/Zalisz K,MSD,872.0,2022-01-28,2022-01-30,1,-,0,,0,,2022-01-01,Friday,January,1,0,1,0,0,0,0,0,0,0,0,0,0,0,0,0,0,0,0
2022-01-29,PO,CR_LI_HOL/Zalisz K,MSD,1133.0,2022-01-29,2022-01-31,1,Einschränkung,24,3.0,0,,2022-01-01,Saturday,January,1,0,1,0,1,0,0,0,0,0,0,0,0,0,0,0,0,0,0
2022-01-31,PO,CR_LI_HOL/Zalisz K,MSD,1176.0,2022-01-31,2022-01-31,1,Einschränkung,0,,0,,2022-01-01,Monday,January,1,0,1,1,0,0,0,0,0,0,0,0,0,0,0,0,0,0,0
2022-02-01,PO,CR_LI_HOL/Zalisz K,MSD,1816.0,2022-02-01,2022-02-05,1,Einschränkung,24,13.0,0,,2022-02-01,Tuesday,February,2,0,1,0,0,0,1,0,1,0,0,0,0,0,0,0,0,0,0
2022-02-02,PO,CR_LI_HOL/Zalisz K,MSD,546.0,2022-02-02,2022-02-05,1,Einschränkung,0,,0,,2022-02-01,Wednesday,February,2,0,1,0,0,0,0,1,1,0,0,0,0,0,0,0,0,0,0
2022-02-03,PO,CR_LI_HOL/Zalisz K,MSD,822.0,2022-02-03,2022-02-05,1,Einschränkung,0,,0,,2022-02-01,Thursday,February,2,0,1,0,0,1,0,0,1,0,0,0,0,0,0,0,0,0,0
2022-02-04,PO,CR_LI_HOL/Zalisz K,MSD,831.0,2022-02-04,2022-02-05,1,Einschränkung,0,,0,,2022-02-01,Friday,February,2,0,1,0,0,0,0,0,1,0,0,0,0,0,0,0,0,0,0
2022-02-05,PO,CR_LI_HOL/Zalisz K,MSD,1053.0,2022-02-05,2022-02-05,1,Einschränkung,0,,0,,2022-02-01,Saturday,February,2,0,1,0,1,0,0,0,1,0,0,0,0,0,0,0,0,0,0
2022-02-07,PO,CR_LI_HOL/Zalisz K,MSD,994.0,2022-02-07,2022-02-09,1,Einschränkung,24,4.0,0,,2022-02-01,Monday,February,2,0,1,1,0,0,0,0,1,0,0,0,0,0,0,0,0,0,0
2022-02-08,PO,CR_LI_HOL/Zalisz K,MSD,670.0,2022-02-08,2022-02-09,1,Einschränkung,8,3.0,0,,2022-02-01,Tuesday,February,2,0,1,0,0,0,1,0,1,0,0,0,0,0,0,0,0,0,0
2022-02-09,PO,CR_LI_HOL/Zalisz K,MSD,549.0,2022-02-09,2022-02-09,1,-,10,1.0,0,,2022-02-01,Wednesday,February,2,0,1,0,0,0,0,1,1,0,0,0,0,0,0,0,0,0,0
2022-02-10,PO,CR_LI_HOL/Zalisz K,MSD,838.0,2022-02-10,2022-02-11,1,Einschränkung,24,3.0,0,,2022-02-01,Thursday,February,2,0,1,0,0,1,0,0,1,0,0,0,0,0,0,0,0,0,0
2022-02-11,PO,CR_LI_HOL/Zalisz K,MSD,845.0,2022-02-11,2022-02-11,1,Einschränkung,6,1.0,0,,2022-02-01,Friday,February,2,0,1,0,0,0,0,0,1,0,0,0,0,0,0,0,0,0,0
2022-02-12,PO,CR_LI_HOL/Zalisz K,MSD,1080.0,2022-02-12,2022-02-12,1,Ausfall,4,1.0,0,,2022-02-01,Saturday,February,2,0,1,0,1,0,0,0,1,0,0,0,0,0,0,0,0,0,0
2022-02-14,PO,CR_LI_HOL/Zalisz K,MSD,991.0,2022-02-14,2022-02-14,1,-,2,2.0,0,,2022-02-01,Monday,February,2,0,1,1,0,0,0,0,1,0,0,0,0,0,0,0,0,0,0
2022-02-15,PO,CR_LI_HOL/Zalisz K,MSD,1140.0,,,0,,0,,0,,2022-02-01,Tuesday,February,2,0,0,0,0,0,1,0,1,0,0,0,0,0,0,0,0,0,0
2022-02-16,PO,CR_LI_HOL/Zalisz K,MSD,643.0,2022-02-16,2022-02-16,1,Einschränkung,1,1.0,0,,2022-02-01,Wednesday,February,2,0,1,0,0,0,0,1,1,0,0,0,0,0,0,0,0,0,0
2022-02-17,PO,CR_LI_HOL/Zalisz K,MSD,826.0,2022-02-17,2022-02-17,1,Einschränkung,5,2.0,0,,2022-02-01,Thursday,February,2,0,1,0,0,1,0,0,1,0,0,0,0,0,0,0,0,0,0
2022-02-18,PO,CR_LI_HOL/Zalisz K,MSD,1028.0,2022-02-18,2022-02-18,1,Einschränkung,1,1.0,0,,2022-02-01,Friday,February,2,0,1,0,0,0,0,0,1,0,0,0,0,0,0,0,0,0,0
2022-02-19,PO,CR_LI_HOL/Zalisz K,MSD,1283.0,,,0,,0,,0,,2022-02-01,Saturday,February,2,0,0,0,1,0,0,0,1,0,0,0,0,0,0,0,0,0,0
2022-02-21,PO,CR_LI_HOL/Zalisz K,MSD,1283.0,2022-02-21,2022-02-21,1,Einschränkung,1,1.0,0,,2022-02-01,Monday,February,2,0,1,1,0,0,0,0,1,0,0,0,0,0,0,0,0,0,0
2022-02-22,PO,CR_LI_HOL/Zalisz K,MSD,903.0,,,0,,0,,0,,2022-02-01,Tuesday,February,2,0,0,0,0,0,1,0,1,0,0,0,0,0,0,0,0,0,0
2022-02-23,PO,CR_LI_HOL/Zalisz K,MSD,656.0,2022-02-23,2022-02-23,1,Einschränkung,5,2.0,0,,2022-02-01,Wednesday,February,2,0,1,0,0,0,0,1,1,0,0,0,0,0,0,0,0,0,0
2022-02-24,PO,CR_LI_HOL/Zalisz K,MSD,939.0,2022-02-24,2022-02-24,1,Einschränkung,3,2.0,0,,2022-02-01,Thursday,February,2,0,1,0,0,1,0,0,1,0,0,0,0,0,0,0,0,0,0
2022-02-25,PO,CR_LI_HOL/Zalisz K,MSD,1152.0,2022-02-25,2022-02-25,1,Einschränkung,3,1.0,0,,2022-02-01,Friday,February,2,0,1,0,0,0,0,0,1,0,0,0,0,0,0,0,0,0,0
2022-02-26,PO,CR_LI_HOL/Zalisz K,MSD,1340.0,,,0,,0,,0,,2022-02-01,Saturday,February,2,0,0,0,1,0,0,0,1,0,0,0,0,0,0,0,0,0,0
2022-02-28,PO,CR_LI_HOL/Zalisz K,MSD,2002.0,,,0,,0,,0,,2022-02-01,Monday,February,2,0,0,1,0,0,0,0,1,0,0,0,0,0,0,0,0,0,0
2022-03-01,PO,CR_LI_HOL/Zalisz K,MSD,1720.0,2022-03-01,2022-03-01,1,Einschränkung,5,2.0,0,,2022-03-01,Tuesday,March,3,0,1,0,0,0,1,0,0,1,0,0,0,0,0,0,0,0,0
2022-03-02,PO,CR_LI_HOL/Zalisz K,MSD,601.0,,,0,,0,,0,,2022-03-01,Wednesday,March,3,0,0,0,0,0,0,1,0,1,0,0,0,0,0,0,0,0,0
2022-03-03,PO,CR_LI_HOL/Zalisz K,MSD,751.0,2022-03-03,2022-03-03,1,Ausfall,18,3.0,0,,2022-03-01,Thursday,March,3,0,1,0,0,1,0,0,0,1,0,0,0,0,0,0,0,0,0
2022-03-04,PO,CR_LI_HOL/Zalisz K,MSD,868.0,2022-03-04,2022-03-04,1,Einschränkung,10,1.0,0,,2022-03-01,Friday,March,3,0,1,0,0,0,0,0,0,1,0,0,0,0,0,0,0,0,0
2022-03-05,PO,CR_LI_HOL/Zalisz K,MSD,1195.0,,,0,,0,,0,,2022-03-01,Saturday,March,3,0,0,0,1,0,0,0,0,1,0,0,0,0,0,0,0,0,0
2022-03-07,PO,CR_LI_HOL/Zalisz K,MSD,998.0,2022-03-07,2022-03-13,1,Ausfall,24,8.0,0,,2022-03-01,Monday,March,3,0,1,1,0,0,0,0,0,1,0,0,0,0,0,0,0,0,0
2022-03-08,PO,CR_LI_HOL/Zalisz K,MSD,643.0,2022-03-08,2022-03-13,1,Einschränkung,22,4.0,0,,2022-03-01,Tuesday,March,3,0,1,0,0,0,1,0,0,1,0,0,0,0,0,0,0,0,0
2022-03-09,PO,CR_LI_HOL/Zalisz K,MSD,654.0,2022-03-09,2022-03-13,1,Einschränkung,17,4.0,0,,2022-03-01,Wednesday,March,3,0,1,0,0,0,0,1,0,1,0,0,0,0,0,0,0,0,0
2022-03-10,PO,CR_LI_HOL/Zalisz K,MSD,925.0,2022-03-10,2022-03-13,1,Einschränkung,1,1.0,0,,2022-03-01,Thursday,March,3,0,1,0,0,1,0,0,0,1,0,0,0,0,0,0,0,0,0
2022-03-11,PO,CR_LI_HOL/Zalisz K,MSD,846.0,2022-03-11,2022-03-13,1,Einschränkung,5,1.0,0,,2022-03-01,Friday,March,3,0,1,0,0,0,0,0,0,1,0,0,0,0,0,0,0,0,0
2022-03-12,PO,CR_LI_HOL/Zalisz K,MSD,1015.0,2022-03-12,2022-03-13,1,-,0,,0,,2022-03-01,Saturday,March,3,0,1,0,1,0,0,0,0,1,0,0,0,0,0,0,0,0,0
2022-03-14,PO,CR_LI_HOL/Zalisz K,MSD,854.0,2022-03-14,2022-03-20,1,Einschränkung,24,8.0,0,,2022-03-01,Monday,March,3,0,1,1,0,0,0,0,0,1,0,0,0,0,0,0,0,0,0
2022-03-15,PO,CR_LI_HOL/Zalisz K,MSD,982.0,2022-03-15,2022-03-20,1,Einschränkung,24,4.0,0,,2022-03-01,Tuesday,March,3,0,1,0,0,0,1,0,0,1,0,0,0,0,0,0,0,0,0
2022-03-16,PO,CR_LI_HOL/Zalisz K,MSD,620.0,2022-03-16,2022-03-20,1,Einschränkung,1,1.0,0,,2022-03-01,Wednesday,March,3,0,1,0,0,0,0,1,0,1,0,0,0,0,0,0,0,0,0
2022-03-17,PO,CR_LI_HOL/Zalisz K,MSD,821.0,2022-03-17,2022-03-20,1,Einschränkung,0,,0,,2022-03-01,Thursday,March,3,0,1,0,0,1,0,0,0,1,0,0,0,0,0,0,0,0,0
2022-03-18,PO,CR_LI_HOL/Zalisz K,MSD,877.0,2022-03-18,2022-03-20,1,Einschränkung,0,,0,,2022-03-01,Friday,March,3,0,1,0,0,0,0,0,0,1,0,0,0,0,0,0,0,0,0
2022-03-19,PO,CR_LI_HOL/Zalisz K,MSD,972.0,2022-03-19,2022-03-20,1,-,0,,0,,2022-03-01,Saturday,March,3,0,1,0,1,0,0,0,0,1,0,0,0,0,0,0,0,0,0
2022-03-21,PO,CR_LI_HOL/Zalisz K,MSD,1008.0,2022-03-21,2022-03-27,1,Einschränkung,24,12.0,0,,2022-03-01,Monday,March,3,0,1,1,0,0,0,0,0,1,0,0,0,0,0,0,0,0,0
2022-03-22,PO,CR_LI_HOL/Zalisz K,MSD,556.0,2022-03-22,2022-03-27,1,Einschränkung,0,,0,,2022-03-01,Tuesday,March,3,0,1,0,0,0,1,0,0,1,0,0,0,0,0,0,0,0,0
2022-03-23,PO,CR_LI_HOL/Zalisz K,MSD,628.0,2022-03-23,2022-03-27,1,Einschränkung,0,1.0,0,,2022-03-01,Wednesday,March,3,0,1,0,0,0,0,1,0,1,0,0,0,0,0,0,0,0,0
2022-03-24,PO,CR_LI_HOL/Zalisz K,MSD,640.0,2022-03-24,2022-03-27,1,Einschränkung,1,1.0,0,,2022-03-01,Thursday,March,3,0,1,0,0,1,0,0,0,1,0,0,0,0,0,0,0,0,0
2022-03-25,PO,CR_LI_HOL/Zalisz K,MSD,747.0,2022-03-25,2022-03-27,1,-,0,,0,,2022-03-01,Friday,March,3,0,1,0,0,0,0,0,0,1,0,0,0,0,0,0,0,0,0
2022-03-26,PO,CR_LI_HOL/Zalisz K,MSD,934.0,2022-03-26,2022-03-27,1,-,0,,0,,2022-03-01,Saturday,March,3,0,1,0,1,0,0,0,0,1,0,0,0,0,0,0,0,0,0
2022-03-28,PO,CR_LI_HOL/Zalisz K,MSD,897.0,,,0,,0,,0,,2022-03-01,Monday,March,3,0,0,1,0,0,0,0,0,1,0,0,0,0,0,0,0,0,0
2022-03-29,PO,CR_LI_HOL/Zalisz K,MSD,623.0,2022-03-29,2022-03-29,1,Einschränkung,20,4.0,0,,2022-03-01,Tuesday,March,3,0,1,0,0,0,1,0,0,1,0,0,0,0,0,0,0,0,0
2022-03-30,PO,CR_LI_HOL/Zalisz K,MSD,573.0,2022-03-30,2022-03-30,1,Ausfall,1,2.0,0,,2022-03-01,Wednesday,March,3,0,1,0,0,0,0,1,0,1,0,0,0,0,0,0,0,0,0
2022-03-31,PO,CR_LI_HOL/Zalisz K,MSD,958.0,2022-03-31,2022-04-01,1,Einschränkung,24,3.0,0,,2022-03-01,Thursday,March,3,0,1,0,0,1,0,0,0,1,0,0,0,0,0,0,0,0,0
2022-04-01,PO,CR_LI_HOL/Zalisz K,MSD,1514.0,2022-04-01,2022-04-01,1,Einschränkung,0,,0,,2022-04-01,Friday,April,4,0,1,0,0,0,0,0,0,0,1,0,0,0,0,0,0,0,0
2022-04-02,PO,CR_LI_HOL/Zalisz K,MSD,789.0,,,0,,0,,0,,2022-04-01,Saturday,April,4,0,0,0,1,0,0,0,0,0,1,0,0,0,0,0,0,0,0
2022-04-04,PO,CR_LI_HOL/Zalisz K,MSD,843.0,,,0,,0,,0,,2022-04-01,Monday,April,4,0,0,1,0,0,0,0,0,0,1,0,0,0,0,0,0,0,0
2022-04-05,PO,CR_LI_HOL/Zalisz K,MSD,465.0,,,0,,0,,0,,2022-04-01,Tuesday,April,4,0,0,0,0,0,1,0,0,0,1,0,0,0,0,0,0,0,0
2022-04-06,PO,CR_LI_HOL/Zalisz K,MSD,485.0,2022-04-06,2022-04-08,1,Einschränkung,24,5.0,0,,2022-04-01,Wednesday,April,4,0,1,0,0,0,0,1,0,0,1,0,0,0,0,0,0,0,0
2022-04-07,PO,CR_LI_HOL/Zalisz K,MSD,564.0,2022-04-07,2022-04-08,1,Einschränkung,1,1.0,0,,2022-04-01,Thursday,April,4,0,1,0,0,1,0,0,0,0,1,0,0,0,0,0,0,0,0
2022-04-08,PO,CR_LI_HOL/Zalisz K,MSD,706.0,2022-04-08,2022-04-08,1,Einschränkung,0,,0,,2022-04-01,Friday,April,4,0,1,0,0,0,0,0,0,0,1,0,0,0,0,0,0,0,0
2022-04-09,PO,CR_LI_HOL/Zalisz K,MSD,883.0,,,0,,0,,0,,2022-04-01,Saturday,April,4,0,0,0,1,0,0,0,0,0,1,0,0,0,0,0,0,0,0
2022-04-11,PO,CR_LI_HOL/Zalisz K,MSD,777.0,2022-04-11,2022-04-14,1,Einschränkung,24,8.0,0,,2022-04-01,Monday,April,4,0,1,1,0,0,0,0,0,0,1,0,0,0,0,0,0,0,0
2022-04-12,PO,CR_LI_HOL/Zalisz K,MSD,571.0,2022-04-12,2022-04-14,1,Einschränkung,5,2.0,0,,2022-04-01,Tuesday,April,4,0,1,0,0,0,1,0,0,0,1,0,0,0,0,0,0,0,0
2022-04-13,PO,CR_LI_HOL/Zalisz K,MSD,536.0,2022-04-13,2022-04-14,1,Einschränkung,0,,0,,2022-04-01,Wednesday,April,4,0,1,0,0,0,0,1,0,0,1,0,0,0,0,0,0,0,0
2022-04-14,PO,CR_LI_HOL/Zalisz K,MSD,864.0,2022-04-14,2022-04-14,1,Einschränkung,0,,0,,2022-04-01,Thursday,April,4,0,1,0,0,1,0,0,0,0,1,0,0,0,0,0,0,0,0
2022-04-15,PO,CR_LI_HOL/Zalisz K,MSD,244.0,,,0,,0,,1,Karfreitag,2022-04-01,Friday,April,4,1,0,0,0,0,0,0,0,0,1,0,0,0,0,0,0,0,0
2022-04-16,PO,CR_LI_HOL/Zalisz K,MSD,1037.0,,,0,,0,,0,,2022-04-01,Saturday,April,4,0,0,0,1,0,0,0,0,0,1,0,0,0,0,0,0,0,0
2022-04-18,PO,CR_LI_HOL/Zalisz K,MSD,133.0,,,0,,0,,1,Ostermontag,2022-04-01,Monday,April,4,1,0,1,0,0,0,0,0,0,1,0,0,0,0,0,0,0,0
2022-04-19,PO,CR_LI_HOL/Zalisz K,MSD,904.0,2022-04-19,2022-04-19,1,Ausfall,5,1.0,0,,2022-04-01,Tuesday,April,4,0,1,0,0,0,1,0,0,0,1,0,0,0,0,0,0,0,0
2022-04-20,PO,CR_LI_HOL/Zalisz K,MSD,719.0,,,0,,0,,0,,2022-04-01,Wednesday,April,4,0,0,0,0,0,0,1,0,0,1,0,0,0,0,0,0,0,0
2022-04-21,PO,CR_LI_HOL/Zalisz K,MSD,726.0,2022-04-21,2022-04-25,1,Einschränkung,24,6.0,0,,2022-04-01,Thursday,April,4,0,1,0,0,1,0,0,0,0,1,0,0,0,0,0,0,0,0
2022-04-22,PO,CR_LI_HOL/Zalisz K,MSD,782.0,2022-04-22,2022-04-25,1,Einschränkung,0,,0,,2022-04-01,Friday,April,4,0,1,0,0,0,0,0,0,0,1,0,0,0,0,0,0,0,0
2022-04-23,PO,CR_LI_HOL/Zalisz K,MSD,947.0,2022-04-23,2022-04-25,1,Einschränkung,0,,0,,2022-04-01,Saturday,April,4,0,1,0,1,0,0,0,0,0,1,0,0,0,0,0,0,0,0
2022-04-25,PO,CR_LI_HOL/Zalisz K,MSD,877.0,2022-04-25,2022-04-25,1,Einschränkung,0,,0,,2022-04-01,Monday,April,4,0,1,1,0,0,0,0,0,0,1,0,0,0,0,0,0,0,0
2022-04-26,PO,CR_LI_HOL/Zalisz K,MSD,830.0,2022-04-26,2022-04-28,1,Einschränkung,24,3.0,0,,2022-04-01,Tuesday,April,4,0,1,0,0,0,1,0,0,0,1,0,0,0,0,0,0,0,0
2022-04-27,PO,CR_LI_HOL/Zalisz K,MSD,593.0,2022-04-27,2022-04-28,1,Einschränkung,24,2.0,0,,2022-04-01,Wednesday,April,4,0,1,0,0,0,0,1,0,0,1,0,0,0,0,0,0,0,0
2022-04-28,PO,CR_LI_HOL/Zalisz K,MSD,750.0,2022-04-28,2022-04-28,1,Einschränkung,0,,0,,2022-04-01,Thursday,April,4,0,1,0,0,1,0,0,0,0,1,0,0,0,0,0,0,0,0
2022-04-29,PO,CR_LI_HOL/Zalisz K,MSD,799.0,2022-04-29,2022-04-30,1,Einschränkung,8,3.0,0,,2022-04-01,Friday,April,4,0,1,0,0,0,0,0,0,0,1,0,0,0,0,0,0,0,0
2022-04-30,PO,CR_LI_HOL/Zalisz K,MSD,1331.0,2022-04-30,2022-04-30,1,Ausfall,0,,0,,2022-04-01,Saturday,April,4,0,1,0,1,0,0,0,0,0,1,0,0,0,0,0,0,0,0
2022-05-02,PO,CR_LI_HOL/Zalisz K,MSD,734.0,2022-05-02,2022-05-04,1,Einschränkung,24,9.0,0,,2022-05-01,Monday,May,5,0,1,1,0,0,0,0,0,0,0,1,0,0,0,0,0,0,0
2022-05-03,PO,CR_LI_HOL/Zalisz K,MSD,856.0,2022-05-03,2022-05-05,1,Einschränkung,24,3.0,0,,2022-05-01,Tuesday,May,5,0,1,0,0,0,1,0,0,0,0,1,0,0,0,0,0,0,0
2022-05-04,PO,CR_LI_HOL/Zalisz K,MSD,571.0,2022-05-04,2022-05-05,1,Einschränkung,0,,0,,2022-05-01,Wednesday,May,5,0,1,0,0,0,0,1,0,0,0,1,0,0,0,0,0,0,0
2022-05-05,PO,CR_LI_HOL/Zalisz K,MSD,719.0,2022-05-05,2022-05-05,1,Einschränkung,0,,0,,2022-05-01,Thursday,May,5,0,1,0,0,1,0,0,0,0,0,1,0,0,0,0,0,0,0
2022-05-06,PO,CR_LI_HOL/Zalisz K,MSD,701.0,2022-05-06,2022-05-06,1,Einschränkung,2,1.0,0,,2022-05-01,Friday,May,5,0,1,0,0,0,0,0,0,0,0,1,0,0,0,0,0,0,0
2022-05-07,PO,CR_LI_HOL/Zalisz K,MSD,880.0,,,0,,0,,0,,2022-05-01,Saturday,May,5,0,0,0,1,0,0,0,0,0,0,1,0,0,0,0,0,0,0
2022-05-09,PO,CR_LI_HOL/Zalisz K,MSD,896.0,2022-05-09,2022-05-09,1,Einschränkung,7,2.0,0,,2022-05-01,Monday,May,5,0,1,1,0,0,0,0,0,0,0,1,0,0,0,0,0,0,0
2022-05-10,PO,CR_LI_HOL/Zalisz K,MSD,639.0,2022-05-10,2022-05-10,1,Einschränkung,5,1.0,0,,2022-05-01,Tuesday,May,5,0,1,0,0,0,1,0,0,0,0,1,0,0,0,0,0,0,0
2022-05-11,PO,CR_LI_HOL/Zalisz K,MSD,548.0,2022-05-11,2022-05-11,1,Einschränkung,1,1.0,0,,2022-05-01,Wednesday,May,5,0,1,0,0,0,0,1,0,0,0,1,0,0,0,0,0,0,0
2022-05-12,PO,CR_LI_HOL/Zalisz K,MSD,716.0,,,0,,0,,0,,2022-05-01,Thursday,May,5,0,0,0,0,1,0,0,0,0,0,1,0,0,0,0,0,0,0
2022-05-13,PO,CR_LI_HOL/Zalisz K,MSD,797.0,2022-05-13,2022-05-16,1,Einschränkung,24,4.0,0,,2022-05-01,Friday,May,5,0,1,0,0,0,0,0,0,0,0,1,0,0,0,0,0,0,0
2022-05-14,PO,CR_LI_HOL/Zalisz K,MSD,961.0,2022-05-14,2022-05-16,1,Einschränkung,0,,0,,2022-05-01,Saturday,May,5,0,1,0,1,0,0,0,0,0,0,1,0,0,0,0,0,0,0
2022-05-16,PO,CR_LI_HOL/Zalisz K,MSD,1094.0,2022-05-16,2022-05-16,1,Einschränkung,3,1.0,0,,2022-05-01,Monday,May,5,0,1,1,0,0,0,0,0,0,0,1,0,0,0,0,0,0,0
2022-05-17,PO,CR_LI_HOL/Zalisz K,MSD,621.0,,,0,,0,,0,,2022-05-01,Tuesday,May,5,0,0,0,0,0,1,0,0,0,0,1,0,0,0,0,0,0,0
2022-05-18,PO,CR_LI_HOL/Zalisz K,MSD,518.0,2022-05-18,2022-05-18,1,-,2,1.0,0,,2022-05-01,Wednesday,May,5,0,1,0,0,0,0,1,0,0,0,1,0,0,0,0,0,0,0
2022-05-19,PO,CR_LI_HOL/Zalisz K,MSD,645.0,2022-05-19,2022-05-19,1,-,3,1.0,0,,2022-05-01,Thursday,May,5,0,1,0,0,1,0,0,0,0,0,1,0,0,0,0,0,0,0
2022-05-20,PO,CR_LI_HOL/Zalisz K,MSD,828.0,,,0,,0,,0,,2022-05-01,Friday,May,5,0,0,0,0,0,0,0,0,0,0,1,0,0,0,0,0,0,0
2022-05-21,PO,CR_LI_HOL/Zalisz K,MSD,521.0,2022-05-21,2022-05-21,1,Ausfall,4,1.0,0,,2022-05-01,Saturday,May,5,0,1,0,1,0,0,0,0,0,0,1,0,0,0,0,0,0,0
2022-05-23,PO,CR_LI_HOL/Zalisz K,MSD,878.0,2022-05-23,2022-05-24,1,Einschränkung,24,6.0,0,,2022-05-01,Monday,May,5,0,1,1,0,0,0,0,0,0,0,1,0,0,0,0,0,0,0
2022-05-24,PO,CR_LI_HOL/Zalisz K,MSD,794.0,2022-05-24,2022-05-24,1,Einschränkung,0,,0,,2022-05-01,Tuesday,May,5,0,1,0,0,0,1,0,0,0,0,1,0,0,0,0,0,0,0
2022-05-25,PO,CR_LI_HOL/Zalisz K,MSD,729.0,,,0,,0,,0,,2022-05-01,Wednesday,May,5,0,0,0,0,0,0,1,0,0,0,1,0,0,0,0,0,0,0
2022-05-26,PO,CR_LI_HOL/Zalisz K,MSD,122.0,,,0,,0,,1,Christi Himmelfahrt,2022-05-01,Thursday,May,5,1,0,0,0,1,0,0,0,0,0,1,0,0,0,0,0,0,0
2022-05-27,PO,CR_LI_HOL/Zalisz K,MSD,1362.0,2022-05-27,2022-05-27,1,Einschränkung,9,1.0,0,,2022-05-01,Friday,May,5,0,1,0,0,0,0,0,0,0,0,1,0,0,0,0,0,0,0
2022-05-28,PO,CR_LI_HOL/Zalisz K,MSD,1076.0,,,0,,0,,0,,2022-05-01,Saturday,May,5,0,0,0,1,0,0,0,0,0,0,1,0,0,0,0,0,0,0
2022-05-30,PO,CR_LI_HOL/Zalisz K,MSD,1131.0,,,0,,0,,0,,2022-05-01,Monday,May,5,0,0,1,0,0,0,0,0,0,0,1,0,0,0,0,0,0,0
2022-05-31,PO,CR_LI_HOL/Zalisz K,MSD,911.0,2022-05-31,2022-05-31,1,Einschränkung,3,1.0,0,,2022-05-01,Tuesday,May,5,0,1,0,0,0,1,0,0,0,0,1,0,0,0,0,0,0,0
2022-06-01,PO,CR_LI_HOL/Zalisz K,MSD,1346.0,,,0,,0,,0,,2022-06-01,Wednesday,June,6,0,0,0,0,0,0,1,0,0,0,0,1,0,0,0,0,0,0
2022-06-02,PO,CR_LI_HOL/Zalisz K,MSD,651.0,2022-06-02,2022-06-08,1,Einschränkung,24,9.0,0,,2022-06-01,Thursday,June,6,0,1,0,0,1,0,0,0,0,0,0,1,0,0,0,0,0,0
2022-06-03,PO,CR_LI_HOL/Zalisz K,MSD,807.0,2022-06-03,2022-06-08,1,Einschränkung,0,,0,,2022-06-01,Friday,June,6,0,1,0,0,0,0,0,0,0,0,0,1,0,0,0,0,0,0
2022-06-04,PO,CR_LI_HOL/Zalisz K,MSD,928.0,2022-06-04,2022-06-08,1,Einschränkung,0,,0,,2022-06-01,Saturday,June,6,0,1,0,1,0,0,0,0,0,0,0,1,0,0,0,0,0,0
2022-06-06,PO,CR_LI_HOL/Zalisz K,MSD,145.0,2022-06-06,2022-06-08,1,Einschränkung,0,,1,Pfingstmontag,2022-06-01,Monday,June,6,1,1,1,0,0,0,0,0,0,0,0,1,0,0,0,0,0,0
2022-06-07,PO,CR_LI_HOL/Zalisz K,MSD,913.0,2022-06-07,2022-06-08,1,Einschränkung,1,1.0,0,,2022-06-01,Tuesday,June,6,0,1,0,0,0,1,0,0,0,0,0,1,0,0,0,0,0,0
2022-06-08,PO,CR_LI_HOL/Zalisz K,MSD,590.0,2022-06-08,2022-06-08,1,Einschränkung,0,,0,,2022-06-01,Wednesday,June,6,0,1,0,0,0,0,1,0,0,0,0,1,0,0,0,0,0,0
2022-06-09,PO,CR_LI_HOL/Zalisz K,MSD,718.0,2022-06-09,2022-06-10,1,Einschränkung,24,2.0,0,,2022-06-01,Thursday,June,6,0,1,0,0,1,0,0,0,0,0,0,1,0,0,0,0,0,0
2022-06-10,PO,CR_LI_HOL/Zalisz K,MSD,952.0,2022-06-10,2022-06-10,1,Einschränkung,0,,0,,2022-06-01,Friday,June,6,0,1,0,0,0,0,0,0,0,0,0,1,0,0,0,0,0,0
2022-06-11,PO,CR_LI_HOL/Zalisz K,MSD,1184.0,2022-06-11,2022-06-11,1,Einschränkung,8,2.0,0,,2022-06-01,Saturday,June,6,0,1,0,1,0,0,0,0,0,0,0,1,0,0,0,0,0,0
2022-06-13,PO,CR_LI_HOL/Zalisz K,MSD,1038.0,,,0,,0,,0,,2022-06-01,Monday,June,6,0,0,1,0,0,0,0,0,0,0,0,1,0,0,0,0,0,0
2022-06-14,PO,CR_LI_HOL/Zalisz K,MSD,957.0,2022-06-14,2022-06-14,1,-,1,1.0,0,,2022-06-01,Tuesday,June,6,0,1,0,0,0,1,0,0,0,0,0,1,0,0,0,0,0,0
2022-06-15,PO,CR_LI_HOL/Zalisz K,MSD,1006.0,,,0,,0,,0,,2022-06-01,Wednesday,June,6,0,0,0,0,0,0,1,0,0,0,0,1,0,0,0,0,0,0
2022-06-16,PO,CR_LI_HOL/Zalisz K,MSD,331.0,,,0,,0,,0,,2022-06-01,Thursday,June,6,0,0,0,0,1,0,0,0,0,0,0,1,0,0,0,0,0,0
2022-06-17,PO,CR_LI_HOL/Zalisz K,MSD,1207.0,2022-06-17,2022-06-17,1,Einschränkung,2,1.0,0,,2022-06-01,Friday,June,6,0,1,0,0,0,0,0,0,0,0,0,1,0,0,0,0,0,0
2022-06-18,PO,CR_LI_HOL/Zalisz K,MSD,1304.0,,,0,,0,,0,,2022-06-01,Saturday,June,6,0,0,0,1,0,0,0,0,0,0,0,1,0,0,0,0,0,0
2022-06-20,PO,CR_LI_HOL/Zalisz K,MSD,1441.0,,,0,,0,,0,,2022-06-01,Monday,June,6,0,0,1,0,0,0,0,0,0,0,0,1,0,0,0,0,0,0
2022-06-21,PO,CR_LI_HOL/Zalisz K,MSD,927.0,,,0,,0,,0,,2022-06-01,Tuesday,June,6,0,0,0,0,0,1,0,0,0,0,0,1,0,0,0,0,0,0
2022-06-22,PO,CR_LI_HOL/Zalisz K,MSD,807.0,,,0,,0,,0,,2022-06-01,Wednesday,June,6,0,0,0,0,0,0,1,0,0,0,0,1,0,0,0,0,0,0
2022-06-23,PO,CR_LI_HOL/Zalisz K,MSD,742.0,,,0,,0,,0,,2022-06-01,Thursday,June,6,0,0,0,0,1,0,0,0,0,0,0,1,0,0,0,0,0,0
2022-06-24,PO,CR_LI_HOL/Zalisz K,MSD,949.0,2022-06-24,2022-06-24,1,Ausfall,3,1.0,0,,2022-06-01,Friday,June,6,0,1,0,0,0,0,0,0,0,0,0,1,0,0,0,0,0,0
2022-06-25,PO,CR_LI_HOL/Zalisz K,MSD,1292.0,,,0,,0,,0,,2022-06-01,Saturday,June,6,0,0,0,1,0,0,0,0,0,0,0,1,0,0,0,0,0,0
2022-06-27,PO,CR_LI_HOL/Zalisz K,MSD,1090.0,,,0,,0,,0,,2022-06-01,Monday,June,6,0,0,1,0,0,0,0,0,0,0,0,1,0,0,0,0,0,0
2022-06-28,PO,CR_LI_HOL/Zalisz K,MSD,706.0,2022-06-28,2022-06-28,1,Einschränkung,3,1.0,0,,2022-06-01,Tuesday,June,6,0,1,0,0,0,1,0,0,0,0,0,1,0,0,0,0,0,0
2022-06-29,PO,CR_LI_HOL/Zalisz K,MSD,703.0,,,0,,0,,0,,2022-06-01,Wednesday,June,6,0,0,0,0,0,0,1,0,0,0,0,1,0,0,0,0,0,0
2022-06-30,PO,CR_LI_HOL/Zalisz K,MSD,1274.0,2022-06-30,2022-07-01,1,Einschränkung,24,3.0,0,,2022-06-01,Thursday,June,6,0,1,0,0,1,0,0,0,0,0,0,1,0,0,0,0,0,0
2022-07-01,PO,CR_LI_HOL/Zalisz K,MSD,1981.0,2022-07-01,2022-07-01,1,-,0,,0,,2022-07-01,Friday,July,7,0,1,0,0,0,0,0,0,0,0,0,0,1,0,0,0,0,0
2022-07-02,PO,CR_LI_HOL/Zalisz K,MSD,1281.0,,,0,,0,,0,,2022-07-01,Saturday,July,7,0,0,0,1,0,0,0,0,0,0,0,0,1,0,0,0,0,0
2022-07-04,PO,CR_LI_HOL/Zalisz K,MSD,1482.0,,,0,,0,,0,,2022-07-01,Monday,July,7,0,0,1,0,0,0,0,0,0,0,0,0,1,0,0,0,0,0
2022-07-05,PO,CR_LI_HOL/Zalisz K,MSD,907.0,,,0,,0,,0,,2022-07-01,Tuesday,July,7,0,0,0,0,0,1,0,0,0,0,0,0,1,0,0,0,0,0
2022-07-06,PO,CR_LI_HOL/Zalisz K,MSD,814.0,2022-07-06,2022-07-06,1,Ausfall,2,1.0,0,,2022-07-01,Wednesday,July,7,0,1,0,0,0,0,1,0,0,0,0,0,1,0,0,0,0,0
2022-07-07,PO,CR_LI_HOL/Zalisz K,MSD,964.0,,,0,,0,,0,,2022-07-01,Thursday,July,7,0,0,0,0,1,0,0,0,0,0,0,0,1,0,0,0,0,0
2022-07-08,PO,CR_LI_HOL/Zalisz K,MSD,994.0,2022-07-08,2022-07-08,1,-,2,1.0,0,,2022-07-01,Friday,July,7,0,1,0,0,0,0,0,0,0,0,0,0,1,0,0,0,0,0
2022-07-09,PO,CR_LI_HOL/Zalisz K,MSD,1164.0,,,0,,0,,0,,2022-07-01,Saturday,July,7,0,0,0,1,0,0,0,0,0,0,0,0,1,0,0,0,0,0
2022-07-11,PO,CR_LI_HOL/Zalisz K,MSD,935.0,2022-07-11,2022-07-11,1,Einschränkung,14,3.0,0,,2022-07-01,Monday,July,7,0,1,1,0,0,0,0,0,0,0,0,0,1,0,0,0,0,0
2022-07-12,PO,CR_LI_HOL/Zalisz K,MSD,573.0,2022-07-12,2022-07-12,1,-,5,1.0,0,,2022-07-01,Tuesday,July,7,0,1,0,0,0,1,0,0,0,0,0,0,1,0,0,0,0,0
2022-07-13,PO,CR_LI_HOL/Zalisz K,MSD,582.0,2022-07-13,2022-07-13,1,-,1,1.0,0,,2022-07-01,Wednesday,July,7,0,1,0,0,0,0,1,0,0,0,0,0,1,0,0,0,0,0
2022-07-14,PO,CR_LI_HOL/Zalisz K,MSD,699.0,,,0,,0,,0,,2022-07-01,Thursday,July,7,0,0,0,0,1,0,0,0,0,0,0,0,1,0,0,0,0,0
2022-07-15,PO,CR_LI_HOL/Zalisz K,MSD,968.0,2022-07-15,2022-07-15,1,-,0,1.0,0,,2022-07-01,Friday,July,7,0,1,0,0,0,0,0,0,0,0,0,0,1,0,0,0,0,0
2022-07-16,PO,CR_LI_HOL/Zalisz K,MSD,840.0,,,0,,0,,0,,2022-07-01,Saturday,July,7,0,0,0,1,0,0,0,0,0,0,0,0,1,0,0,0,0,0
2022-07-18,PO,CR_LI_HOL/Zalisz K,MSD,802.0,,,0,,0,,0,,2022-07-01,Monday,July,7,0,0,1,0,0,0,0,0,0,0,0,0,1,0,0,0,0,0
2022-07-19,PO,CR_LI_HOL/Zalisz K,MSD,666.0,,,0,,0,,0,,2022-07-01,Tuesday,July,7,0,0,0,0,0,1,0,0,0,0,0,0,1,0,0,0,0,0
2022-07-20,PO,CR_LI_HOL/Zalisz K,MSD,688.0,,,0,,0,,0,,2022-07-01,Wednesday,July,7,0,0,0,0,0,0,1,0,0,0,0,0,1,0,0,0,0,0
2022-07-21,PO,CR_LI_HOL/Zalisz K,MSD,685.0,2022-07-21,2022-07-21,1,Ausfall,3,1.0,0,,2022-07-01,Thursday,July,7,0,1,0,0,1,0,0,0,0,0,0,0,1,0,0,0,0,0
2022-07-22,PO,CR_LI_HOL/Zalisz K,MSD,787.0,2022-07-22,2022-07-22,1,-,2,1.0,0,,2022-07-01,Friday,July,7,0,1,0,0,0,0,0,0,0,0,0,0,1,0,0,0,0,0
2022-07-23,PO,CR_LI_HOL/Zalisz K,MSD,1010.0,2022-07-23,2022-07-23,1,Einschränkung,6,1.0,0,,2022-07-01,Saturday,July,7,0,1,0,1,0,0,0,0,0,0,0,0,1,0,0,0,0,0
2022-07-25,PO,CR_LI_HOL/Zalisz K,MSD,946.0,2022-07-25,2022-07-25,1,Einschränkung,4,2.0,0,,2022-07-01,Monday,July,7,0,1,1,0,0,0,0,0,0,0,0,0,1,0,0,0,0,0
2022-07-26,PO,CR_LI_HOL/Zalisz K,MSD,713.0,2022-07-26,2022-07-26,1,-,24,2.0,0,,2022-07-01,Tuesday,July,7,0,1,0,0,0,1,0,0,0,0,0,0,1,0,0,0,0,0
2022-07-27,PO,CR_LI_HOL/Zalisz K,MSD,690.0,2022-07-27,2022-07-27,1,Ausfall,1,1.0,0,,2022-07-01,Wednesday,July,7,0,1,0,0,0,0,1,0,0,0,0,0,1,0,0,0,0,0
2022-07-28,PO,CR_LI_HOL/Zalisz K,MSD,798.0,,,0,,0,,0,,2022-07-01,Thursday,July,7,0,0,0,0,1,0,0,0,0,0,0,0,1,0,0,0,0,0
2022-07-29,PO,CR_LI_HOL/Zalisz K,MSD,1054.0,,,0,,0,,0,,2022-07-01,Friday,July,7,0,0,0,0,0,0,0,0,0,0,0,0,1,0,0,0,0,0
2022-07-30,PO,CR_LI_HOL/Zalisz K,MSD,1339.0,,,0,,0,,0,,2022-07-01,Saturday,July,7,0,0,0,1,0,0,0,0,0,0,0,0,1,0,0,0,0,0
2022-08-01,PO,CR_LI_HOL/Zalisz K,MSD,2011.0,,,0,,0,,0,,2022-08-01,Monday,August,8,0,0,1,0,0,0,0,0,0,0,0,0,0,1,0,0,0,0
2022-08-02,PO,CR_LI_HOL/Zalisz K,MSD,793.0,,,0,,0,,0,,2022-08-01,Tuesday,August,8,0,0,0,0,0,1,0,0,0,0,0,0,0,1,0,0,0,0
2022-08-03,PO,CR_LI_HOL/Zalisz K,MSD,734.0,,,0,,0,,0,,2022-08-01,Wednesday,August,8,0,0,0,0,0,0,1,0,0,0,0,0,0,1,0,0,0,0
2022-08-04,PO,CR_LI_HOL/Zalisz K,MSD,811.0,2022-08-04,2022-08-05,1,-,24,2.0,0,,2022-08-01,Thursday,August,8,0,1,0,0,1,0,0,0,0,0,0,0,0,1,0,0,0,0
2022-08-05,PO,CR_LI_HOL/Zalisz K,MSD,1024.0,2022-08-05,2022-08-05,1,-,3,1.0,0,,2022-08-01,Friday,August,8,0,1,0,0,0,0,0,0,0,0,0,0,0,1,0,0,0,0
2022-08-06,PO,CR_LI_HOL/Zalisz K,MSD,1101.0,2022-08-06,2022-08-06,1,Einschränkung,10,1.0,0,,2022-08-01,Saturday,August,8,0,1,0,1,0,0,0,0,0,0,0,0,0,1,0,0,0,0
2022-08-08,PO,CR_LI_HOL/Zalisz K,MSD,1206.0,2022-08-08,2022-08-09,1,Einschränkung,21,2.0,0,,2022-08-01,Monday,August,8,0,1,1,0,0,0,0,0,0,0,0,0,0,1,0,0,0,0
2022-08-09,PO,CR_LI_HOL/Zalisz K,MSD,988.0,2022-08-09,2022-08-09,1,Einschränkung,0,,0,,2022-08-01,Tuesday,August,8,0,1,0,0,0,1,0,0,0,0,0,0,0,1,0,0,0,0
2022-08-10,PO,CR_LI_HOL/Zalisz K,MSD,760.0,2022-08-10,2022-08-10,1,Einschränkung,4,2.0,0,,2022-08-01,Wednesday,August,8,0,1,0,0,0,0,1,0,0,0,0,0,0,1,0,0,0,0
2022-08-11,PO,CR_LI_HOL/Zalisz K,MSD,786.0,,,0,,0,,0,,2022-08-01,Thursday,August,8,0,0,0,0,1,0,0,0,0,0,0,0,0,1,0,0,0,0
2022-08-12,PO,CR_LI_HOL/Zalisz K,MSD,875.0,2022-08-12,2022-08-12,1,Einschränkung,-1,1.0,0,,2022-08-01,Friday,August,8,0,1,0,0,0,0,0,0,0,0,0,0,0,1,0,0,0,0
2022-08-13,PO,CR_LI_HOL/Zalisz K,MSD,199.0,2022-08-13,2022-08-13,1,Ausfall,3,1.0,0,,2022-08-01,Saturday,August,8,0,1,0,1,0,0,0,0,0,0,0,0,0,1,0,0,0,0
2022-08-15,PO,CR_LI_HOL/Zalisz K,MSD,1025.0,2022-08-15,2022-08-15,1,-,14,1.0,0,,2022-08-01,Monday,August,8,0,1,1,0,0,0,0,0,0,0,0,0,0,1,0,0,0,0
2022-08-16,PO,CR_LI_HOL/Zalisz K,MSD,885.0,2022-08-16,2022-08-16,1,-,8,2.0,0,,2022-08-01,Tuesday,August,8,0,1,0,0,0,1,0,0,0,0,0,0,0,1,0,0,0,0
2022-08-17,PO,CR_LI_HOL/Zalisz K,MSD,603.0,2022-08-17,2022-08-17,1,-,4,1.0,0,,2022-08-01,Wednesday,August,8,0,1,0,0,0,0,1,0,0,0,0,0,0,1,0,0,0,0
2022-08-18,PO,CR_LI_HOL/Zalisz K,MSD,787.0,,,0,,0,,0,,2022-08-01,Thursday,August,8,0,0,0,0,1,0,0,0,0,0,0,0,0,1,0,0,0,0
2022-08-19,PO,CR_LI_HOL/Zalisz K,MSD,761.0,,,0,,0,,0,,2022-08-01,Friday,August,8,0,0,0,0,0,0,0,0,0,0,0,0,0,1,0,0,0,0
2022-08-20,PO,CR_LI_HOL/Zalisz K,MSD,1037.0,,,0,,0,,0,,2022-08-01,Saturday,August,8,0,0,0,1,0,0,0,0,0,0,0,0,0,1,0,0,0,0
2022-08-22,PO,CR_LI_HOL/Zalisz K,MSD,1057.0,2022-08-22,2022-08-24,1,Einschränkung,24,4.0,0,,2022-08-01,Monday,August,8,0,1,1,0,0,0,0,0,0,0,0,0,0,1,0,0,0,0
2022-08-23,PO,CR_LI_HOL/Zalisz K,MSD,644.0,2022-08-23,2022-08-24,1,Einschränkung,4,1.0,0,,2022-08-01,Tuesday,August,8,0,1,0,0,0,1,0,0,0,0,0,0,0,1,0,0,0,0
2022-08-24,PO,CR_LI_HOL/Zalisz K,MSD,504.0,2022-08-24,2022-08-24,1,Einschränkung,6,2.0,0,,2022-08-01,Wednesday,August,8,0,1,0,0,0,0,1,0,0,0,0,0,0,1,0,0,0,0
2022-08-25,PO,CR_LI_HOL/Zalisz K,MSD,765.0,,,0,,0,,0,,2022-08-01,Thursday,August,8,0,0,0,0,1,0,0,0,0,0,0,0,0,1,0,0,0,0
2022-08-26,PO,CR_LI_HOL/Zalisz K,MSD,810.0,,,0,,0,,0,,2022-08-01,Friday,August,8,0,0,0,0,0,0,0,0,0,0,0,0,0,1,0,0,0,0
2022-08-27,PO,CR_LI_HOL/Zalisz K,MSD,1161.0,,,0,,0,,0,,2022-08-01,Saturday,August,8,0,0,0,1,0,0,0,0,0,0,0,0,0,1,0,0,0,0
2022-08-29,PO,CR_LI_HOL/Zalisz K,MSD,1126.0,2022-08-29,2022-08-29,1,Einschränkung,0,2.0,0,,2022-08-01,Monday,August,8,0,1,1,0,0,0,0,0,0,0,0,0,0,1,0,0,0,0
2022-08-30,PO,CR_LI_HOL/Zalisz K,MSD,872.0,2022-08-30,2022-08-30,1,Einschränkung,3,2.0,0,,2022-08-01,Tuesday,August,8,0,1,0,0,0,1,0,0,0,0,0,0,0,1,0,0,0,0
2022-08-31,PO,CR_LI_HOL/Zalisz K,MSD,1437.0,,,0,,0,,0,,2022-08-01,Wednesday,August,8,0,0,0,0,0,0,1,0,0,0,0,0,0,1,0,0,0,0
2022-09-01,PO,CR_LI_HOL/Zalisz K,MSD,1992.0,2022-09-01,2022-09-02,1,Einschränkung,24,5.0,0,,2022-09-01,Thursday,September,9,0,1,0,0,1,0,0,0,0,0,0,0,0,0,1,0,0,0
2022-09-02,PO,CR_LI_HOL/Zalisz K,MSD,1009.0,2022-09-02,2022-09-02,1,Einschränkung,0,,0,,2022-09-01,Friday,September,9,0,1,0,0,0,0,0,0,0,0,0,0,0,0,1,0,0,0
2022-09-03,PO,CR_LI_HOL/Zalisz K,MSD,1296.0,2022-09-03,2022-09-04,1,-,24,2.0,0,,2022-09-01,Saturday,September,9,0,1,0,1,0,0,0,0,0,0,0,0,0,0,1,0,0,0
2022-09-05,PO,CR_LI_HOL/Zalisz K,MSD,1236.0,,,0,,0,,0,,2022-09-01,Monday,September,9,0,0,1,0,0,0,0,0,0,0,0,0,0,0,1,0,0,0
2022-09-06,PO,CR_LI_HOL/Zalisz K,MSD,818.0,2022-09-06,2022-09-06,1,Einschränkung,6,1.0,0,,2022-09-01,Tuesday,September,9,0,1,0,0,0,1,0,0,0,0,0,0,0,0,1,0,0,0
2022-09-07,PO,CR_LI_HOL/Zalisz K,MSD,767.0,,,0,,0,,0,,2022-09-01,Wednesday,September,9,0,0,0,0,0,0,1,0,0,0,0,0,0,0,1,0,0,0
2022-09-08,PO,CR_LI_HOL/Zalisz K,MSD,1042.0,2022-09-08,2022-09-08,1,Ausfall,1,1.0,0,,2022-09-01,Thursday,September,9,0,1,0,0,1,0,0,0,0,0,0,0,0,0,1,0,0,0
2022-09-09,PO,CR_LI_HOL/Zalisz K,MSD,1040.0,2022-09-09,2022-09-09,1,Einschränkung,6,2.0,0,,2022-09-01,Friday,September,9,0,1,0,0,0,0,0,0,0,0,0,0,0,0,1,0,0,0
2022-09-10,PO,CR_LI_HOL/Zalisz K,MSD,1511.0,2022-09-10,2022-09-10,1,Ausfall,1,1.0,0,,2022-09-01,Saturday,September,9,0,1,0,1,0,0,0,0,0,0,0,0,0,0,1,0,0,0
2022-09-12,PO,CR_LI_HOL/Zalisz K,MSD,1102.0,,,0,,0,,0,,2022-09-01,Monday,September,9,0,0,1,0,0,0,0,0,0,0,0,0,0,0,1,0,0,0
2022-09-13,PO,CR_LI_HOL/Zalisz K,MSD,564.0,2022-09-13,2022-09-13,1,Ausfall,3,1.0,0,,2022-09-01,Tuesday,September,9,0,1,0,0,0,1,0,0,0,0,0,0,0,0,1,0,0,0
2022-09-14,PO,CR_LI_HOL/Zalisz K,MSD,534.0,,,0,,0,,0,,2022-09-01,Wednesday,September,9,0,0,0,0,0,0,1,0,0,0,0,0,0,0,1,0,0,0
2022-09-15,PO,CR_LI_HOL/Zalisz K,MSD,886.0,2022-09-15,2022-09-15,1,Ausfall,1,1.0,0,,2022-09-01,Thursday,September,9,0,1,0,0,1,0,0,0,0,0,0,0,0,0,1,0,0,0
2022-09-16,PO,CR_LI_HOL/Zalisz K,MSD,699.0,,,0,,0,,0,,2022-09-01,Friday,September,9,0,0,0,0,0,0,0,0,0,0,0,0,0,0,1,0,0,0
2022-09-17,PO,CR_LI_HOL/Zalisz K,MSD,898.0,2022-09-17,2022-09-17,1,-,4,1.0,0,,2022-09-01,Saturday,September,9,0,1,0,1,0,0,0,0,0,0,0,0,0,0,1,0,0,0
2022-09-19,PO,CR_LI_HOL/Zalisz K,MSD,986.0,2022-09-19,2022-09-19,1,Ausfall,2,2.0,0,,2022-09-01,Monday,September,9,0,1,1,0,0,0,0,0,0,0,0,0,0,0,1,0,0,0
2022-09-20,PO,CR_LI_HOL/Zalisz K,MSD,641.0,2022-09-20,2022-09-20,1,Einschränkung,3,1.0,0,,2022-09-01,Tuesday,September,9,0,1,0,0,0,1,0,0,0,0,0,0,0,0,1,0,0,0
2022-09-21,PO,CR_LI_HOL/Zalisz K,MSD,502.0,,,0,,0,,0,,2022-09-01,Wednesday,September,9,0,0,0,0,0,0,1,0,0,0,0,0,0,0,1,0,0,0
2022-09-22,PO,CR_LI_HOL/Zalisz K,MSD,699.0,2022-09-22,2022-09-22,1,Einschränkung,1,1.0,0,,2022-09-01,Thursday,September,9,0,1,0,0,1,0,0,0,0,0,0,0,0,0,1,0,0,0
2022-09-23,PO,CR_LI_HOL/Zalisz K,MSD,808.0,2022-09-23,2022-09-23,1,Einschränkung,6,1.0,0,,2022-09-01,Friday,September,9,0,1,0,0,0,0,0,0,0,0,0,0,0,0,1,0,0,0
2022-09-24,PO,CR_LI_HOL/Zalisz K,MSD,906.0,2022-09-24,2022-09-24,1,Einschränkung,5,2.0,0,,2022-09-01,Saturday,September,9,0,1,0,1,0,0,0,0,0,0,0,0,0,0,1,0,0,0
2022-09-26,PO,CR_LI_HOL/Zalisz K,MSD,858.0,2022-09-26,2022-10-02,1,-,24,8.0,0,,2022-09-01,Monday,September,9,0,1,1,0,0,0,0,0,0,0,0,0,0,0,1,0,0,0
2022-09-27,PO,CR_LI_HOL/Zalisz K,MSD,784.0,2022-09-27,2022-10-02,1,Einschränkung,2,2.0,0,,2022-09-01,Tuesday,September,9,0,1,0,0,0,1,0,0,0,0,0,0,0,0,1,0,0,0
2022-09-28,PO,CR_LI_HOL/Zalisz K,MSD,632.0,2022-09-28,2022-10-02,1,Ausfall,0,1.0,0,,2022-09-01,Wednesday,September,9,0,1,0,0,0,0,1,0,0,0,0,0,0,0,1,0,0,0
2022-09-29,PO,CR_LI_HOL/Zalisz K,MSD,815.0,2022-09-29,2022-10-02,1,Einschränkung,0,2.0,0,,2022-09-01,Thursday,September,9,0,1,0,0,1,0,0,0,0,0,0,0,0,0,1,0,0,0
2022-09-30,PO,CR_LI_HOL/Zalisz K,MSD,1494.0,2022-09-30,2022-10-02,1,-,0,,0,,2022-09-01,Friday,September,9,0,1,0,0,0,0,0,0,0,0,0,0,0,0,1,0,0,0
2022-10-01,PO,CR_LI_HOL/Zalisz K,MSD,1774.0,2022-10-01,2022-10-02,1,-,0,,0,,2022-10-01,Saturday,October,10,0,1,0,1,0,0,0,0,0,0,0,0,0,0,0,1,0,0
2022-10-03,PO,CR_LI_HOL/Zalisz K,MSD,124.0,,,0,,0,,1,Tag der Deutschen Einheit,2022-10-01,Monday,October,10,1,0,1,0,0,0,0,0,0,0,0,0,0,0,0,1,0,0
2022-10-04,PO,CR_LI_HOL/Zalisz K,MSD,1020.0,2022-10-04,2022-10-04,1,Einschränkung,4,3.0,0,,2022-10-01,Tuesday,October,10,0,1,0,0,0,1,0,0,0,0,0,0,0,0,0,1,0,0
2022-10-05,PO,CR_LI_HOL/Zalisz K,MSD,696.0,2022-10-05,2022-10-05,1,Einschränkung,3,2.0,0,,2022-10-01,Wednesday,October,10,0,1,0,0,0,0,1,0,0,0,0,0,0,0,0,1,0,0
2022-10-06,PO,CR_LI_HOL/Zalisz K,MSD,681.0,,,0,,0,,0,,2022-10-01,Thursday,October,10,0,0,0,0,1,0,0,0,0,0,0,0,0,0,0,1,0,0
2022-10-07,PO,CR_LI_HOL/Zalisz K,MSD,788.0,2022-10-07,2022-10-07,1,Einschränkung,13,3.0,0,,2022-10-01,Friday,October,10,0,1,0,0,0,0,0,0,0,0,0,0,0,0,0,1,0,0
2022-10-08,PO,CR_LI_HOL/Zalisz K,MSD,1007.0,,,0,,0,,0,,2022-10-01,Saturday,October,10,0,0,0,1,0,0,0,0,0,0,0,0,0,0,0,1,0,0
2022-10-10,PO,CR_LI_HOL/Zalisz K,MSD,1017.0,2022-10-10,2022-10-10,1,Ausfall,2,2.0,0,,2022-10-01,Monday,October,10,0,1,1,0,0,0,0,0,0,0,0,0,0,0,0,1,0,0
2022-10-11,PO,CR_LI_HOL/Zalisz K,MSD,810.0,2022-10-11,2022-10-11,1,Ausfall,1,1.0,0,,2022-10-01,Tuesday,October,10,0,1,0,0,0,1,0,0,0,0,0,0,0,0,0,1,0,0
2022-10-12,PO,CR_LI_HOL/Zalisz K,MSD,651.0,2022-10-12,2022-10-13,1,"Ausfall

Einschränkung (eDEL)",16,2.0,0,,2022-10-01,Wednesday,October,10,0,1,0,0,0,0,1,0,0,0,0,0,0,0,0,1,0,0
2022-10-13,PO,CR_LI_HOL/Zalisz K,MSD,783.0,2022-10-13,2022-10-13,1,"Ausfall

Einschränkung (eDEL)",0,,0,,2022-10-01,Thursday,October,10,0,1,0,0,1,0,0,0,0,0,0,0,0,0,0,1,0,0
2022-10-14,PO,CR_LI_HOL/Zalisz K,MSD,896.0,2022-10-14,2022-10-17,1,Einschränkung,24,6.0,0,,2022-10-01,Friday,October,10,0,1,0,0,0,0,0,0,0,0,0,0,0,0,0,1,0,0
2022-10-15,PO,CR_LI_HOL/Zalisz K,MSD,1248.0,2022-10-15,2022-10-17,1,Einschränkung,0,,0,,2022-10-01,Saturday,October,10,0,1,0,1,0,0,0,0,0,0,0,0,0,0,0,1,0,0
2022-10-17,PO,CR_LI_HOL/Zalisz K,MSD,849.0,2022-10-17,2022-10-19,1,Einschränkung,24,5.0,0,,2022-10-01,Monday,October,10,0,1,1,0,0,0,0,0,0,0,0,0,0,0,0,1,0,0
2022-10-18,PO,CR_LI_HOL/Zalisz K,MSD,719.0,2022-10-18,2022-10-19,1,Einschränkung,24,3.0,0,,2022-10-01,Tuesday,October,10,0,1,0,0,0,1,0,0,0,0,0,0,0,0,0,1,0,0
2022-10-19,PO,CR_LI_HOL/Zalisz K,MSD,725.0,2022-10-19,2022-10-19,1,Einschränkung,0,,0,,2022-10-01,Wednesday,October,10,0,1,0,0,0,0,1,0,0,0,0,0,0,0,0,1,0,0
2022-10-20,PO,CR_LI_HOL/Zalisz K,MSD,1036.0,2022-10-20,2022-10-20,1,Ausfall,7,2.0,0,,2022-10-01,Thursday,October,10,0,1,0,0,1,0,0,0,0,0,0,0,0,0,0,1,0,0
2022-10-21,PO,CR_LI_HOL/Zalisz K,MSD,986.0,2022-10-21,2022-10-21,1,Ausfall,3,2.0,0,,2022-10-01,Friday,October,10,0,1,0,0,0,0,0,0,0,0,0,0,0,0,0,1,0,0
2022-10-22,PO,CR_LI_HOL/Zalisz K,MSD,1460.0,,,0,,0,,0,,2022-10-01,Saturday,October,10,0,0,0,1,0,0,0,0,0,0,0,0,0,0,0,1,0,0
2022-10-24,PO,CR_LI_HOL/Zalisz K,MSD,1125.0,2022-10-24,2022-10-24,1,Einschränkung,7,3.0,0,,2022-10-01,Monday,October,10,0,1,1,0,0,0,0,0,0,0,0,0,0,0,0,1,0,0
2022-10-25,PO,CR_LI_HOL/Zalisz K,MSD,967.0,2022-10-25,2022-10-25,1,Einschränkung,2,2.0,0,,2022-10-01,Tuesday,October,10,0,1,0,0,0,1,0,0,0,0,0,0,0,0,0,1,0,0
2022-10-26,PO,CR_LI_HOL/Zalisz K,MSD,743.0,,,0,,0,,0,,2022-10-01,Wednesday,October,10,0,0,0,0,0,0,1,0,0,0,0,0,0,0,0,1,0,0
2022-10-27,PO,CR_LI_HOL/Zalisz K,MSD,879.0,2022-10-27,2022-10-27,1,Einschränkung,2,1.0,0,,2022-10-01,Thursday,October,10,0,1,0,0,1,0,0,0,0,0,0,0,0,0,0,1,0,0
2022-10-28,PO,CR_LI_HOL/Zalisz K,MSD,1151.0,,,0,,0,,0,,2022-10-01,Friday,October,10,0,0,0,0,0,0,0,0,0,0,0,0,0,0,0,1,0,0
2022-10-29,PO,CR_LI_HOL/Zalisz K,MSD,1389.0,,,0,,0,,0,,2022-10-01,Saturday,October,10,0,0,0,1,0,0,0,0,0,0,0,0,0,0,0,1,0,0
2022-10-31,PO,CR_LI_HOL/Zalisz K,MSD,1145.0,,,0,,0,,0,,2022-10-01,Monday,October,10,0,0,1,0,0,0,0,0,0,0,0,0,0,0,0,1,0,0
2022-11-01,PO,CR_LI_HOL/Zalisz K,MSD,1101.0,,,0,,0,,0,,2022-11-01,Tuesday,November,11,0,0,0,0,0,1,0,0,0,0,0,0,0,0,0,0,1,0
2022-11-02,PO,CR_LI_HOL/Zalisz K,MSD,948.0,,,0,,0,,0,,2022-11-01,Wednesday,November,11,0,0,0,0,0,0,1,0,0,0,0,0,0,0,0,0,1,0
2022-11-03,PO,CR_LI_HOL/Zalisz K,MSD,839.0,2022-11-03,2022-11-03,1,-,8,1.0,0,,2022-11-01,Thursday,November,11,0,1,0,0,1,0,0,0,0,0,0,0,0,0,0,0,1,0
2022-11-04,PO,CR_LI_HOL/Zalisz K,MSD,891.0,2022-11-04,2022-11-04,1,Einschränkung,2,2.0,0,,2022-11-01,Friday,November,11,0,1,0,0,0,0,0,0,0,0,0,0,0,0,0,0,1,0
2022-11-05,PO,CR_LI_HOL/Zalisz K,MSD,1247.0,,,0,,0,,0,,2022-11-01,Saturday,November,11,0,0,0,1,0,0,0,0,0,0,0,0,0,0,0,0,1,0
2022-11-07,PO,CR_LI_HOL/Zalisz K,MSD,1100.0,,,0,,0,,0,,2022-11-01,Monday,November,11,0,0,1,0,0,0,0,0,0,0,0,0,0,0,0,0,1,0
2022-11-08,PO,CR_LI_HOL/Zalisz K,MSD,663.0,2022-11-08,2022-11-11,1,Einschränkung,24,5.0,0,,2022-11-01,Tuesday,November,11,0,1,0,0,0,1,0,0,0,0,0,0,0,0,0,0,1,0
2022-11-09,PO,CR_LI_HOL/Zalisz K,MSD,708.0,2022-11-09,2022-11-11,1,Einschränkung,0,,0,,2022-11-01,Wednesday,November,11,0,1,0,0,0,0,1,0,0,0,0,0,0,0,0,0,1,0
2022-11-10,PO,CR_LI_HOL/Zalisz K,MSD,906.0,2022-11-10,2022-11-11,1,Einschränkung,0,,0,,2022-11-01,Thursday,November,11,0,1,0,0,1,0,0,0,0,0,0,0,0,0,0,0,1,0
2022-11-11,PO,CR_LI_HOL/Zalisz K,MSD,918.0,2022-11-11,2022-11-11,1,Einschränkung,4,1.0,0,,2022-11-01,Friday,November,11,0,1,0,0,0,0,0,0,0,0,0,0,0,0,0,0,1,0
2022-11-12,PO,CR_LI_HOL/Zalisz K,MSD,1227.0,,,0,,0,,0,,2022-11-01,Saturday,November,11,0,0,0,1,0,0,0,0,0,0,0,0,0,0,0,0,1,0
2022-11-14,PO,CR_LI_HOL/Zalisz K,MSD,970.0,2022-11-14,2022-11-17,1,-,24,4.0,0,,2022-11-01,Monday,November,11,0,1,1,0,0,0,0,0,0,0,0,0,0,0,0,0,1,0
2022-11-15,PO,CR_LI_HOL/Zalisz K,MSD,876.0,2022-11-15,2022-11-17,1,-,0,2.0,0,,2022-11-01,Tuesday,November,11,0,1,0,0,0,1,0,0,0,0,0,0,0,0,0,0,1,0
2022-11-16,PO,CR_LI_HOL/Zalisz K,MSD,508.0,2022-11-16,2022-11-17,1,Einschränkung,1,1.0,0,,2022-11-01,Wednesday,November,11,0,1,0,0,0,0,1,0,0,0,0,0,0,0,0,0,1,0
2022-11-17,PO,CR_LI_HOL/Zalisz K,MSD,1083.0,2022-11-17,2022-11-17,1,-,7,1.0,0,,2022-11-01,Thursday,November,11,0,1,0,0,1,0,0,0,0,0,0,0,0,0,0,0,1,0
2022-11-18,PO,CR_LI_HOL/Zalisz K,MSD,1273.0,2022-11-18,2022-11-18,1,Einschränkung,1,1.0,0,,2022-11-01,Friday,November,11,0,1,0,0,0,0,0,0,0,0,0,0,0,0,0,0,1,0
2022-11-19,PO,CR_LI_HOL/Zalisz K,MSD,1667.0,2022-11-19,2022-11-19,1,Einschränkung,1,1.0,0,,2022-11-01,Saturday,November,11,0,1,0,1,0,0,0,0,0,0,0,0,0,0,0,0,1,0
2022-11-21,PO,CR_LI_HOL/Zalisz K,MSD,1315.0,,,0,,0,,0,,2022-11-01,Monday,November,11,0,0,1,0,0,0,0,0,0,0,0,0,0,0,0,0,1,0
2022-11-22,PO,CR_LI_HOL/Zalisz K,MSD,973.0,2022-11-22,2022-11-22,1,Einschränkung,5,2.0,0,,2022-11-01,Tuesday,November,11,0,1,0,0,0,1,0,0,0,0,0,0,0,0,0,0,1,0
2022-11-23,PO,CR_LI_HOL/Zalisz K,MSD,813.0,2022-11-23,2022-11-23,1,-,2,1.0,0,,2022-11-01,Wednesday,November,11,0,1,0,0,0,0,1,0,0,0,0,0,0,0,0,0,1,0
2022-11-24,PO,CR_LI_HOL/Zalisz K,MSD,718.0,2022-11-24,2022-11-24,1,Einschränkung,5,1.0,0,,2022-11-01,Thursday,November,11,0,1,0,0,1,0,0,0,0,0,0,0,0,0,0,0,1,0
2022-11-25,PO,CR_LI_HOL/Zalisz K,MSD,2750.0,,,0,,0,,0,,2022-11-01,Friday,November,11,0,0,0,0,0,0,0,0,0,0,0,0,0,0,0,0,1,0
2022-11-26,PO,CR_LI_HOL/Zalisz K,MSD,1685.0,,,0,,0,,0,,2022-11-01,Saturday,November,11,0,0,0,1,0,0,0,0,0,0,0,0,0,0,0,0,1,0
2022-11-28,PO,CR_LI_HOL/Zalisz K,MSD,2195.0,,,0,,0,,0,,2022-11-01,Monday,November,11,0,0,1,0,0,0,0,0,0,0,0,0,0,0,0,0,1,0
2022-11-29,PO,CR_LI_HOL/Zalisz K,MSD,1223.0,,,0,,0,,0,,2022-11-01,Tuesday,November,11,0,0,0,0,0,1,0,0,0,0,0,0,0,0,0,0,1,0
2022-11-30,PO,CR_LI_HOL/Zalisz K,MSD,1692.0,,,0,,0,,0,,2022-11-01,Wednesday,November,11,0,0,0,0,0,0,1,0,0,0,0,0,0,0,0,0,1,0
2022-12-01,PO,CR_LI_HOL/Zalisz K,MSD,1758.0,2022-12-01,2022-12-01,1,Einschränkung,1,1.0,0,,2022-12-01,Thursday,December,12,0,1,0,0,1,0,0,0,0,0,0,0,0,0,0,0,0,1
2022-12-02,PO,CR_LI_HOL/Zalisz K,MSD,827.0,2022-12-02,2022-12-02,1,Einschränkung,2,1.0,0,,2022-12-01,Friday,December,12,0,1,0,0,0,0,0,0,0,0,0,0,0,0,0,0,0,1
2022-12-03,PO,CR_LI_HOL/Zalisz K,MSD,839.0,,,0,,0,,0,,2022-12-01,Saturday,December,12,0,0,0,1,0,0,0,0,0,0,0,0,0,0,0,0,0,1
2022-12-05,PO,CR_LI_HOL/Zalisz K,MSD,1120.0,,,0,,0,,0,,2022-12-01,Monday,December,12,0,0,1,0,0,0,0,0,0,0,0,0,0,0,0,0,0,1
2022-12-06,PO,CR_LI_HOL/Zalisz K,MSD,614.0,,,0,,0,,0,,2022-12-01,Tuesday,December,12,0,0,0,0,0,1,0,0,0,0,0,0,0,0,0,0,0,1
2022-12-07,PO,CR_LI_HOL/Zalisz K,MSD,683.0,2022-12-07,2022-12-07,1,Einschränkung,5,1.0,0,,2022-12-01,Wednesday,December,12,0,1,0,0,0,0,1,0,0,0,0,0,0,0,0,0,0,1
2022-12-08,PO,CR_LI_HOL/Zalisz K,MSD,724.0,,,0,,0,,0,,2022-12-01,Thursday,December,12,0,0,0,0,1,0,0,0,0,0,0,0,0,0,0,0,0,1
2022-12-09,PO,CR_LI_HOL/Zalisz K,MSD,802.0,,,0,,0,,0,,2022-12-01,Friday,December,12,0,0,0,0,0,0,0,0,0,0,0,0,0,0,0,0,0,1
2022-12-10,PO,CR_LI_HOL/Zalisz K,MSD,1137.0,,,0,,0,,0,,2022-12-01,Saturday,December,12,0,0,0,1,0,0,0,0,0,0,0,0,0,0,0,0,0,1
2022-12-12,PO,CR_LI_HOL/Zalisz K,MSD,1022.0,2022-12-12,2022-12-14,1,Einschränkung,24,4.0,0,,2022-12-01,Monday,December,12,0,1,1,0,0,0,0,0,0,0,0,0,0,0,0,0,0,1
2022-12-13,PO,CR_LI_HOL/Zalisz K,MSD,787.0,2022-12-13,2022-12-14,1,Einschränkung,3,1.0,0,,2022-12-01,Tuesday,December,12,0,1,0,0,0,1,0,0,0,0,0,0,0,0,0,0,0,1
2022-12-14,PO,CR_LI_HOL/Zalisz K,MSD,901.0,2022-12-14,2022-12-14,1,Einschränkung,3,3.0,0,,2022-12-01,Wednesday,December,12,0,1,0,0,0,0,1,0,0,0,0,0,0,0,0,0,0,1
2022-12-15,PO,CR_LI_HOL/Zalisz K,MSD,1341.0,,,0,,0,,0,,2022-12-01,Thursday,December,12,0,0,0,0,1,0,0,0,0,0,0,0,0,0,0,0,0,1
2022-12-16,PO,CR_LI_HOL/Zalisz K,MSD,1182.0,,,0,,0,,0,,2022-12-01,Friday,December,12,0,0,0,0,0,0,0,0,0,0,0,0,0,0,0,0,0,1
2022-12-17,PO,CR_LI_HOL/Zalisz K,MSD,1529.0,,,0,,0,,0,,2022-12-01,Saturday,December,12,0,0,0,1,0,0,0,0,0,0,0,0,0,0,0,0,0,1
2022-12-19,PO,CR_LI_HOL/Zalisz K,MSD,1460.0,2022-12-19,2022-12-19,1,Ausfall,2,1.0,0,,2022-12-01,Monday,December,12,0,1,1,0,0,0,0,0,0,0,0,0,0,0,0,0,0,1
2022-12-20,PO,CR_LI_HOL/Zalisz K,MSD,1105.0,2022-12-20,2022-12-20,1,Einschränkung,1,1.0,0,,2022-12-01,Tuesday,December,12,0,1,0,0,0,1,0,0,0,0,0,0,0,0,0,0,0,1
2022-12-21,PO,CR_LI_HOL/Zalisz K,MSD,973.0,,,0,,0,,0,,2022-12-01,Wednesday,December,12,0,0,0,0,0,0,1,0,0,0,0,0,0,0,0,0,0,1
2022-12-22,PO,CR_LI_HOL/Zalisz K,MSD,1158.0,,,0,,0,,0,,2022-12-01,Thursday,December,12,0,0,0,0,1,0,0,0,0,0,0,0,0,0,0,0,0,1
2022-12-23,PO,CR_LI_HOL/Zalisz K,MSD,1390.0,,,0,,0,,0,,2022-12-01,Friday,December,12,0,0,0,0,0,0,0,0,0,0,0,0,0,0,0,0,0,1
2022-12-24,PO,CR_LI_HOL/Zalisz K,MSD,652.0,,,0,,0,,0,,2022-12-01,Saturday,December,12,0,0,0,1,0,0,0,0,0,0,0,0,0,0,0,0,0,1
2022-12-26,PO,CR_LI_HOL/Zalisz K,MSD,136.0,,,0,,0,,1,Zweiter Weihnachtstag,2022-12-01,Monday,December,12,1,0,1,0,0,0,0,0,0,0,0,0,0,0,0,0,0,1
2022-12-27,PO,CR_LI_HOL/Zalisz K,MSD,2371.0,2022-12-27,2022-12-27,1,Einschränkung,2,1.0,0,,2022-12-01,Tuesday,December,12,0,1,0,0,0,1,0,0,0,0,0,0,0,0,0,0,0,1
2022-12-28,PO,CR_LI_HOL/Zalisz K,MSD,820.0,,,0,,0,,0,,2022-12-01,Wednesday,December,12,0,0,0,0,0,0,1,0,0,0,0,0,0,0,0,0,0,1
2022-12-29,PO,CR_LI_HOL/Zalisz K,MSD,1058.0,,,0,,0,,0,,2022-12-01,Thursday,December,12,0,0,0,0,1,0,0,0,0,0,0,0,0,0,0,0,0,1
2022-12-30,PO,CR_LI_HOL/Zalisz K,MSD,1208.0,2022-12-30,2022-12-30,1,Einschränkung,11,1.0,0,,2022-12-01,Friday,December,12,0,1,0,0,0,0,0,0,0,0,0,0,0,0,0,0,0,1
2022-12-31,PO,CR_LI_HOL/Zalisz K,MSD,840.0,,,0,,0,,0,,2022-12-01,Saturday,December,12,0,0,0,1,0,0,0,0,0,0,0,0,0,0,0,0,0,1
2023-01-02,PO,CR_LI_HOL/Zalisz K,MSD,1111.0,2023-01-02,2023-01-09,1,Ausfall,24,10.0,0,,2023-01-01,Monday,January,1,0,1,1,0,0,0,0,0,0,0,0,0,0,0,0,0,0,0
2023-01-03,PO,CR_LI_HOL/Zalisz K,MSD,845.0,2023-01-03,2023-01-09,1,-,0,,0,,2023-01-01,Tuesday,January,1,0,1,0,0,0,1,0,0,0,0,0,0,0,0,0,0,0,0
2023-01-04,PO,CR_LI_HOL/Zalisz K,MSD,750.0,2023-01-04,2023-01-09,1,-,0,,0,,2023-01-01,Wednesday,January,1,0,1,0,0,0,0,1,0,0,0,0,0,0,0,0,0,0,0
2023-01-05,PO,CR_LI_HOL/Zalisz K,MSD,910.0,2023-01-05,2023-01-09,1,-,0,,0,,2023-01-01,Thursday,January,1,0,1,0,0,1,0,0,0,0,0,0,0,0,0,0,0,0,0
2023-01-06,PO,CR_LI_HOL/Zalisz K,MSD,780.0,2023-01-06,2023-01-09,1,-,0,,0,,2023-01-01,Friday,January,1,0,1,0,0,0,0,0,0,0,0,0,0,0,0,0,0,0,0
2023-01-07,PO,CR_LI_HOL/Zalisz K,MSD,1199.0,2023-01-07,2023-01-09,1,-,0,,0,,2023-01-01,Saturday,January,1,0,1,0,1,0,0,0,0,0,0,0,0,0,0,0,0,0,0
2023-01-09,PO,CR_LI_HOL/Zalisz K,MSD,1047.0,2023-01-09,2023-01-09,1,-,0,,0,,2023-01-01,Monday,January,1,0,1,1,0,0,0,0,0,0,0,0,0,0,0,0,0,0,0
2023-01-10,PO,CR_LI_HOL/Zalisz K,MSD,856.0,2023-01-10,2023-01-10,1,Einschränkung,1,1.0,0,,2023-01-01,Tuesday,January,1,0,1,0,0,0,1,0,0,0,0,0,0,0,0,0,0,0,0
2023-01-11,PO,CR_LI_HOL/Zalisz K,MSD,654.0,2023-01-11,2023-01-11,1,Einschränkung,11,2.0,0,,2023-01-01,Wednesday,January,1,0,1,0,0,0,0,1,0,0,0,0,0,0,0,0,0,0,0
2023-01-12,PO,CR_LI_HOL/Zalisz K,MSD,403.0,2023-01-12,2023-01-12,1,Einschränkung,6,1.0,0,,2023-01-01,Thursday,January,1,0,1,0,0,1,0,0,0,0,0,0,0,0,0,0,0,0,0
2023-01-13,PO,CR_LI_HOL/Zalisz K,MSD,1341.0,,,0,,0,,0,,2023-01-01,Friday,January,1,0,0,0,0,0,0,0,0,0,0,0,0,0,0,0,0,0,0
2023-01-14,PO,CR_LI_HOL/Zalisz K,MSD,1201.0,,,0,,0,,0,,2023-01-01,Saturday,January,1,0,0,0,1,0,0,0,0,0,0,0,0,0,0,0,0,0,0
2023-01-16,PO,CR_LI_HOL/Zalisz K,MSD,1078.0,,,0,,0,,0,,2023-01-01,Monday,January,1,0,0,1,0,0,0,0,0,0,0,0,0,0,0,0,0,0,0
2023-01-17,PO,CR_LI_HOL/Zalisz K,MSD,515.0,2023-01-17,2023-01-19,1,-,24,3.0,0,,2023-01-01,Tuesday,January,1,0,1,0,0,0,1,0,0,0,0,0,0,0,0,0,0,0,0
2023-01-18,PO,CR_LI_HOL/Zalisz K,MSD,534.0,2023-01-18,2023-01-19,1,-,0,,0,,2023-01-01,Wednesday,January,1,0,1,0,0,0,0,1,0,0,0,0,0,0,0,0,0,0,0
2023-01-19,PO,CR_LI_HOL/Zalisz K,MSD,755.0,2023-01-19,2023-01-19,1,-,0,,0,,2023-01-01,Thursday,January,1,0,1,0,0,1,0,0,0,0,0,0,0,0,0,0,0,0,0
2023-01-20,PO,CR_LI_HOL/Zalisz K,MSD,907.0,2023-01-20,2023-01-20,1,Einschränkung,5,1.0,0,,2023-01-01,Friday,January,1,0,1,0,0,0,0,0,0,0,0,0,0,0,0,0,0,0,0
2023-01-21,PO,CR_LI_HOL/Zalisz K,MSD,638.0,,,0,,0,,0,,2023-01-01,Saturday,January,1,0,0,0,1,0,0,0,0,0,0,0,0,0,0,0,0,0,0
2023-01-23,PO,CR_LI_HOL/Zalisz K,MSD,884.0,2023-01-23,2023-01-23,1,Einschränkung,7,2.0,0,,2023-01-01,Monday,January,1,0,1,1,0,0,0,0,0,0,0,0,0,0,0,0,0,0,0
2023-01-24,PO,CR_LI_HOL/Zalisz K,MSD,760.0,,,0,,0,,0,,2023-01-01,Tuesday,January,1,0,0,0,0,0,1,0,0,0,0,0,0,0,0,0,0,0,0
2023-01-25,PO,CR_LI_HOL/Zalisz K,MSD,635.0,,,0,,0,,0,,2023-01-01,Wednesday,January,1,0,0,0,0,0,0,1,0,0,0,0,0,0,0,0,0,0,0
2023-01-26,PO,CR_LI_HOL/Zalisz K,MSD,695.0,,,0,,0,,0,,2023-01-01,Thursday,January,1,0,0,0,0,1,0,0,0,0,0,0,0,0,0,0,0,0,0
2023-01-27,PO,CR_LI_HOL/Zalisz K,MSD,816.0,2023-01-27,2023-01-27,1,-,4,1.0,0,,2023-01-01,Friday,January,1,0,1,0,0,0,0,0,0,0,0,0,0,0,0,0,0,0,0
2023-01-28,PO,CR_LI_HOL/Zalisz K,MSD,1033.0,,,0,,0,,0,,2023-01-01,Saturday,January,1,0,0,0,1,0,0,0,0,0,0,0,0,0,0,0,0,0,0
2023-01-30,PO,CR_LI_HOL/Zalisz K,MSD,1015.0,2023-01-30,2023-02-03,1,-,24,12.0,0,,2023-01-01,Monday,January,1,0,1,1,0,0,0,0,0,0,0,0,0,0,0,0,0,0,0
2023-01-31,PO,CR_LI_HOL/Zalisz K,MSD,1029.0,2023-01-31,2023-02-03,1,-,0,,0,,2023-01-01,Tuesday,January,1,0,1,0,0,0,1,0,0,0,0,0,0,0,0,0,0,0,0
2023-02-01,PO,CR_LI_HOL/Zalisz K,MSD,1308.0,2023-02-01,2023-02-03,1,-,2,2.0,0,,2023-02-01,Wednesday,February,2,0,1,0,0,0,0,1,1,0,0,0,0,0,0,0,0,0,0
2023-02-02,PO,CR_LI_HOL/Zalisz K,MSD,744.0,2023-02-02,2023-02-03,1,-,0,,0,,2023-02-01,Thursday,February,2,0,1,0,0,1,0,0,1,0,0,0,0,0,0,0,0,0,0
2023-02-03,PO,CR_LI_HOL/Zalisz K,MSD,842.0,2023-02-03,2023-02-03,1,-,0,,0,,2023-02-01,Friday,February,2,0,1,0,0,0,0,0,1,0,0,0,0,0,0,0,0,0,0
2023-02-04,PO,CR_LI_HOL/Zalisz K,MSD,1034.0,,,0,,0,,0,,2023-02-01,Saturday,February,2,0,0,0,1,0,0,0,1,0,0,0,0,0,0,0,0,0,0
2023-02-06,PO,CR_LI_HOL/Zalisz K,MSD,972.0,,,0,,0,,0,,2023-02-01,Monday,February,2,0,0,1,0,0,0,0,1,0,0,0,0,0,0,0,0,0,0
2023-02-07,PO,CR_LI_HOL/Zalisz K,MSD,658.0,2023-02-07,2023-02-08,1,Einschränkung,17,4.0,0,,2023-02-01,Tuesday,February,2,0,1,0,0,0,1,0,1,0,0,0,0,0,0,0,0,0,0
2023-02-08,PO,CR_LI_HOL/Zalisz K,MSD,551.0,2023-02-08,2023-02-08,1,-,0,,0,,2023-02-01,Wednesday,February,2,0,1,0,0,0,0,1,1,0,0,0,0,0,0,0,0,0,0
2023-02-09,PO,CR_LI_HOL/Zalisz K,MSD,721.0,2023-02-09,2023-02-10,1,-,24,2.0,0,,2023-02-01,Thursday,February,2,0,1,0,0,1,0,0,1,0,0,0,0,0,0,0,0,0,0
2023-02-10,PO,CR_LI_HOL/Zalisz K,MSD,935.0,2023-02-10,2023-02-10,1,Einschränkung,1,1.0,0,,2023-02-01,Friday,February,2,0,1,0,0,0,0,0,1,0,0,0,0,0,0,0,0,0,0
2023-02-11,PO,CR_LI_HOL/Zalisz K,MSD,1081.0,2023-02-11,2023-02-13,1,-,24,3.0,0,,2023-02-01,Saturday,February,2,0,1,0,1,0,0,0,1,0,0,0,0,0,0,0,0,0,0
2023-02-13,PO,CR_LI_HOL/Zalisz K,MSD,990.0,2023-02-13,2023-02-13,1,Einschränkung,4,1.0,0,,2023-02-01,Monday,February,2,0,1,1,0,0,0,0,1,0,0,0,0,0,0,0,0,0,0
2023-02-14,PO,CR_LI_HOL/Zalisz K,MSD,1096.0,2023-02-14,2023-02-16,1,Einschränkung,24,8.0,0,,2023-02-01,Tuesday,February,2,0,1,0,0,0,1,0,1,0,0,0,0,0,0,0,0,0,0
2023-02-15,PO,CR_LI_HOL/Zalisz K,MSD,749.0,2023-02-15,2023-02-16,1,Einschränkung,24,3.0,0,,2023-02-01,Wednesday,February,2,0,1,0,0,0,0,1,1,0,0,0,0,0,0,0,0,0,0
2023-02-16,PO,CR_LI_HOL/Zalisz K,MSD,820.0,2023-02-16,2023-02-16,1,Einschränkung,0,,0,,2023-02-01,Thursday,February,2,0,1,0,0,1,0,0,1,0,0,0,0,0,0,0,0,0,0
2023-02-17,PO,CR_LI_HOL/Zalisz K,MSD,909.0,2023-02-17,2023-02-20,1,Einschränkung,24,4.0,0,,2023-02-01,Friday,February,2,0,1,0,0,0,0,0,1,0,0,0,0,0,0,0,0,0,0
2023-02-18,PO,CR_LI_HOL/Zalisz K,MSD,1122.0,2023-02-18,2023-02-20,1,Einschränkung,0,,0,,2023-02-01,Saturday,February,2,0,1,0,1,0,0,0,1,0,0,0,0,0,0,0,0,0,0
2023-02-20,PO,CR_LI_HOL/Zalisz K,MSD,873.0,2023-02-20,2023-02-20,1,Einschränkung,0,,0,,2023-02-01,Monday,February,2,0,1,1,0,0,0,0,1,0,0,0,0,0,0,0,0,0,0
2023-02-21,PO,CR_LI_HOL/Zalisz K,MSD,720.0,2023-02-21,2023-02-22,1,Einschränkung,24,5.0,0,,2023-02-01,Tuesday,February,2,0,1,0,0,0,1,0,1,0,0,0,0,0,0,0,0,0,0
2023-02-22,PO,CR_LI_HOL/Zalisz K,MSD,733.0,2023-02-22,2023-02-22,1,Einschränkung,0,,0,,2023-02-01,Wednesday,February,2,0,1,0,0,0,0,1,1,0,0,0,0,0,0,0,0,0,0
2023-02-23,PO,CR_LI_HOL/Zalisz K,MSD,786.0,2023-02-23,2023-02-23,1,Einschränkung,6,1.0,0,,2023-02-01,Thursday,February,2,0,1,0,0,1,0,0,1,0,0,0,0,0,0,0,0,0,0
2023-02-24,PO,CR_LI_HOL/Zalisz K,MSD,914.0,,,0,,0,,0,,2023-02-01,Friday,February,2,0,0,0,0,0,0,0,1,0,0,0,0,0,0,0,0,0,0
2023-02-25,PO,CR_LI_HOL/Zalisz K,MSD,1249.0,,,0,,0,,0,,2023-02-01,Saturday,February,2,0,0,0,1,0,0,0,1,0,0,0,0,0,0,0,0,0,0
2023-02-27,PO,CR_LI_HOL/Zalisz K,MSD,1092.0,2023-02-27,2023-02-27,1,Einschränkung,5,3.0,0,,2023-02-01,Monday,February,2,0,1,1,0,0,0,0,1,0,0,0,0,0,0,0,0,0,0
2023-02-28,PO,CR_LI_HOL/Zalisz K,MSD,857.0,,,0,,0,,0,,2023-02-01,Tuesday,February,2,0,0,0,0,0,1,0,1,0,0,0,0,0,0,0,0,0,0
2023-03-01,PO,CR_LI_HOL/Zalisz K,MSD,1976.0,2023-03-01,2023-03-02,1,-,24,2.0,0,,2023-03-01,Wednesday,March,3,0,1,0,0,0,0,1,0,1,0,0,0,0,0,0,0,0,0
2023-03-02,PO,CR_LI_HOL/Zalisz K,MSD,810.0,2023-03-02,2023-03-02,1,-,0,,0,,2023-03-01,Thursday,March,3,0,1,0,0,1,0,0,0,1,0,0,0,0,0,0,0,0,0
2023-03-03,PO,CR_LI_HOL/Zalisz K,MSD,873.0,,,0,,0,,0,,2023-03-01,Friday,March,3,0,0,0,0,0,0,0,0,1,0,0,0,0,0,0,0,0,0
2023-03-04,PO,CR_LI_HOL/Zalisz K,MSD,1266.0,,,0,,0,,0,,2023-03-01,Saturday,March,3,0,0,0,1,0,0,0,0,1,0,0,0,0,0,0,0,0,0
2023-03-06,PO,CR_LI_HOL/Zalisz K,MSD,1123.0,2023-03-06,2023-03-06,1,-,2,1.0,0,,2023-03-01,Monday,March,3,0,1,1,0,0,0,0,0,1,0,0,0,0,0,0,0,0,0
2023-03-07,PO,CR_LI_HOL/Zalisz K,MSD,632.0,,,0,,0,,0,,2023-03-01,Tuesday,March,3,0,0,0,0,0,1,0,0,1,0,0,0,0,0,0,0,0,0
2023-03-08,PO,CR_LI_HOL/Zalisz K,MSD,601.0,,,0,,0,,0,,2023-03-01,Wednesday,March,3,0,0,0,0,0,0,1,0,1,0,0,0,0,0,0,0,0,0
2023-03-09,PO,CR_LI_HOL/Zalisz K,MSD,750.0,2023-03-09,2023-03-12,1,Einschränkung,24,4.0,0,,2023-03-01,Thursday,March,3,0,1,0,0,1,0,0,0,1,0,0,0,0,0,0,0,0,0
2023-03-10,PO,CR_LI_HOL/Zalisz K,MSD,1055.0,2023-03-10,2023-03-12,1,Einschränkung,0,,0,,2023-03-01,Friday,March,3,0,1,0,0,0,0,0,0,1,0,0,0,0,0,0,0,0,0
2023-03-11,PO,CR_LI_HOL/Zalisz K,MSD,1133.0,2023-03-11,2023-03-12,1,Einschränkung,4,1.0,0,,2023-03-01,Saturday,March,3,0,1,0,1,0,0,0,0,1,0,0,0,0,0,0,0,0,0
2023-03-13,PO,CR_LI_HOL/Zalisz K,MSD,1034.0,2023-03-13,2023-03-16,1,Einschränkung,24,4.0,0,,2023-03-01,Monday,March,3,0,1,1,0,0,0,0,0,1,0,0,0,0,0,0,0,0,0
2023-03-14,PO,CR_LI_HOL/Zalisz K,MSD,700.0,2023-03-14,2023-03-16,1,Einschränkung,17,4.0,0,,2023-03-01,Tuesday,March,3,0,1,0,0,0,1,0,0,1,0,0,0,0,0,0,0,0,0
2023-03-15,PO,CR_LI_HOL/Zalisz K,MSD,870.0,2023-03-15,2023-03-16,1,Einschränkung,0,,0,,2023-03-01,Wednesday,March,3,0,1,0,0,0,0,1,0,1,0,0,0,0,0,0,0,0,0
2023-03-16,PO,CR_LI_HOL/Zalisz K,MSD,837.0,2023-03-16,2023-03-16,1,Einschränkung,0,,0,,2023-03-01,Thursday,March,3,0,1,0,0,1,0,0,0,1,0,0,0,0,0,0,0,0,0
2023-03-17,PO,CR_LI_HOL/Zalisz K,MSD,846.0,,,0,,0,,0,,2023-03-01,Friday,March,3,0,0,0,0,0,0,0,0,1,0,0,0,0,0,0,0,0,0
2023-03-18,PO,CR_LI_HOL/Zalisz K,MSD,990.0,,,0,,0,,0,,2023-03-01,Saturday,March,3,0,0,0,1,0,0,0,0,1,0,0,0,0,0,0,0,0,0
2023-03-20,PO,CR_LI_HOL/Zalisz K,MSD,967.0,2023-03-20,2023-03-21,1,Einschränkung,24,3.0,0,,2023-03-01,Monday,March,3,0,1,1,0,0,0,0,0,1,0,0,0,0,0,0,0,0,0
2023-03-21,PO,CR_LI_HOL/Zalisz K,MSD,780.0,2023-03-21,2023-03-21,1,Einschränkung,0,,0,,2023-03-01,Tuesday,March,3,0,1,0,0,0,1,0,0,1,0,0,0,0,0,0,0,0,0
2023-03-22,PO,CR_LI_HOL/Zalisz K,MSD,606.0,2023-03-22,2023-03-22,1,Einschränkung,3,2.0,0,,2023-03-01,Wednesday,March,3,0,1,0,0,0,0,1,0,1,0,0,0,0,0,0,0,0,0
2023-03-23,PO,CR_LI_HOL/Zalisz K,MSD,610.0,2023-03-23,2023-03-23,1,-,1,1.0,0,,2023-03-01,Thursday,March,3,0,1,0,0,1,0,0,0,1,0,0,0,0,0,0,0,0,0
2023-03-24,PO,CR_LI_HOL/Zalisz K,MSD,774.0,,,0,,0,,0,,2023-03-01,Friday,March,3,0,0,0,0,0,0,0,0,1,0,0,0,0,0,0,0,0,0
2023-03-25,PO,CR_LI_HOL/Zalisz K,MSD,1158.0,,,0,,0,,0,,2023-03-01,Saturday,March,3,0,0,0,1,0,0,0,0,1,0,0,0,0,0,0,0,0,0
2023-03-27,PO,CR_LI_HOL/Zalisz K,MSD,1090.0,,,0,,0,,0,,2023-03-01,Monday,March,3,0,0,1,0,0,0,0,0,1,0,0,0,0,0,0,0,0,0
2023-03-28,PO,CR_LI_HOL/Zalisz K,MSD,674.0,,,0,,0,,0,,2023-03-01,Tuesday,March,3,0,0,0,0,0,1,0,0,1,0,0,0,0,0,0,0,0,0
2023-03-29,PO,CR_LI_HOL/Zalisz K,MSD,598.0,2023-03-29,2023-03-29,1,Einschränkung,2,1.0,0,,2023-03-01,Wednesday,March,3,0,1,0,0,0,0,1,0,1,0,0,0,0,0,0,0,0,0
2023-03-30,PO,CR_LI_HOL/Zalisz K,MSD,739.0,2023-03-30,2023-03-30,1,Einschränkung,6,1.0,0,,2023-03-01,Thursday,March,3,0,1,0,0,1,0,0,0,1,0,0,0,0,0,0,0,0,0
2023-03-31,PO,CR_LI_HOL/Zalisz K,MSD,1282.0,,,0,,0,,0,,2023-03-01,Friday,March,3,0,0,0,0,0,0,0,0,1,0,0,0,0,0,0,0,0,0
2023-04-01,PO,CR_LI_HOL/Zalisz K,MSD,2034.0,,,0,,0,,0,,2023-04-01,Saturday,April,4,0,0,0,1,0,0,0,0,0,1,0,0,0,0,0,0,0,0
2023-04-03,PO,CR_LI_HOL/Zalisz K,MSD,1420.0,2023-04-03,2023-04-03,1,Einschränkung,2,1.0,0,,2023-04-01,Monday,April,4,0,1,1,0,0,0,0,0,0,1,0,0,0,0,0,0,0,0
2023-04-04,PO,CR_LI_HOL/Zalisz K,MSD,769.0,2023-04-04,2023-04-04,1,Einschränkung,17,2.0,0,,2023-04-01,Tuesday,April,4,0,1,0,0,0,1,0,0,0,1,0,0,0,0,0,0,0,0
2023-04-05,PO,CR_LI_HOL/Zalisz K,MSD,685.0,2023-04-05,2023-04-17,1,Einschränkung,24,13.0,0,,2023-04-01,Wednesday,April,4,0,1,0,0,0,0,1,0,0,1,0,0,0,0,0,0,0,0
2023-04-06,PO,CR_LI_HOL/Zalisz K,MSD,818.0,2023-04-06,2023-04-17,1,Einschränkung,0,,0,,2023-04-01,Thursday,April,4,0,1,0,0,1,0,0,0,0,1,0,0,0,0,0,0,0,0
2023-04-07,PO,CR_LI_HOL/Zalisz K,MSD,131.0,2023-04-07,2023-04-17,1,Einschränkung,0,,1,Karfreitag,2023-04-01,Friday,April,4,1,1,0,0,0,0,0,0,0,1,0,0,0,0,0,0,0,0
2023-04-08,PO,CR_LI_HOL/Zalisz K,MSD,1108.0,2023-04-08,2023-04-17,1,Einschränkung,0,,0,,2023-04-01,Saturday,April,4,0,1,0,1,0,0,0,0,0,1,0,0,0,0,0,0,0,0
2023-04-10,PO,CR_LI_HOL/Zalisz K,MSD,218.0,2023-04-10,2023-04-17,1,Einschränkung,4,1.0,1,Ostermontag,2023-04-01,Monday,April,4,1,1,1,0,0,0,0,0,0,1,0,0,0,0,0,0,0,0
2023-04-11,PO,CR_LI_HOL/Zalisz K,MSD,1011.0,2023-04-11,2023-04-17,1,Einschränkung,2,1.0,0,,2023-04-01,Tuesday,April,4,0,1,0,0,0,1,0,0,0,1,0,0,0,0,0,0,0,0
2023-04-12,PO,CR_LI_HOL/Zalisz K,MSD,660.0,2023-04-12,2023-04-17,1,Einschränkung,0,,0,,2023-04-01,Wednesday,April,4,0,1,0,0,0,0,1,0,0,1,0,0,0,0,0,0,0,0
2023-04-13,PO,CR_LI_HOL/Zalisz K,MSD,826.0,2023-04-13,2023-04-17,1,Einschränkung,24,2.0,0,,2023-04-01,Thursday,April,4,0,1,0,0,1,0,0,0,0,1,0,0,0,0,0,0,0,0
2023-04-14,PO,CR_LI_HOL/Zalisz K,MSD,872.0,2023-04-14,2023-04-17,1,Einschränkung,24,3.0,0,,2023-04-01,Friday,April,4,0,1,0,0,0,0,0,0,0,1,0,0,0,0,0,0,0,0
2023-04-15,PO,CR_LI_HOL/Zalisz K,MSD,1205.0,2023-04-15,2023-04-17,1,Einschränkung,0,,0,,2023-04-01,Saturday,April,4,0,1,0,1,0,0,0,0,0,1,0,0,0,0,0,0,0,0
2023-04-17,PO,CR_LI_HOL/Zalisz K,MSD,996.0,2023-04-17,2023-04-21,1,Einschränkung,24,5.0,0,,2023-04-01,Monday,April,4,0,1,1,0,0,0,0,0,0,1,0,0,0,0,0,0,0,0
2023-04-18,PO,CR_LI_HOL/Zalisz K,MSD,697.0,2023-04-18,2023-04-21,1,Einschränkung,0,,0,,2023-04-01,Tuesday,April,4,0,1,0,0,0,1,0,0,0,1,0,0,0,0,0,0,0,0
2023-04-19,PO,CR_LI_HOL/Zalisz K,MSD,475.0,2023-04-19,2023-04-21,1,Einschränkung,2,1.0,0,,2023-04-01,Wednesday,April,4,0,1,0,0,0,0,1,0,0,1,0,0,0,0,0,0,0,0
2023-04-20,PO,CR_LI_HOL/Zalisz K,MSD,852.0,2023-04-20,2023-04-21,1,Einschränkung,0,,0,,2023-04-01,Thursday,April,4,0,1,0,0,1,0,0,0,0,1,0,0,0,0,0,0,0,0
2023-04-21,PO,CR_LI_HOL/Zalisz K,MSD,758.0,2023-04-21,2023-04-21,1,Einschränkung,0,,0,,2023-04-01,Friday,April,4,0,1,0,0,0,0,0,0,0,1,0,0,0,0,0,0,0,0
2023-04-22,PO,CR_LI_HOL/Zalisz K,MSD,951.0,,,0,,0,,0,,2023-04-01,Saturday,April,4,0,0,0,1,0,0,0,0,0,1,0,0,0,0,0,0,0,0
2023-04-24,PO,CR_LI_HOL/Zalisz K,MSD,1056.0,,,0,,0,,0,,2023-04-01,Monday,April,4,0,0,1,0,0,0,0,0,0,1,0,0,0,0,0,0,0,0
2023-04-25,PO,CR_LI_HOL/Zalisz K,MSD,741.0,,,0,,0,,0,,2023-04-01,Tuesday,April,4,0,0,0,0,0,1,0,0,0,1,0,0,0,0,0,0,0,0
2023-04-26,PO,CR_LI_HOL/Zalisz K,MSD,637.0,2023-04-26,2023-04-26,1,-,7,1.0,0,,2023-04-01,Wednesday,April,4,0,1,0,0,0,0,1,0,0,1,0,0,0,0,0,0,0,0
2023-04-27,PO,CR_LI_HOL/Zalisz K,MSD,783.0,2023-04-27,2023-04-27,1,Einschränkung,8,1.0,0,,2023-04-01,Thursday,April,4,0,1,0,0,1,0,0,0,0,1,0,0,0,0,0,0,0,0
2023-04-28,PO,CR_LI_HOL/Zalisz K,MSD,1056.0,,,0,,0,,0,,2023-04-01,Friday,April,4,0,0,0,0,0,0,0,0,0,1,0,0,0,0,0,0,0,0
2023-04-29,PO,CR_LI_HOL/Zalisz K,MSD,1216.0,2023-04-29,2023-04-29,1,Ausfall,2,1.0,0,,2023-04-01,Saturday,April,4,0,1,0,1,0,0,0,0,0,1,0,0,0,0,0,0,0,0
2023-05-01,PO,CR_LI_HOL/Zalisz K,MSD,781.0,,,0,,0,,1,Erster Mai,2023-05-01,Monday,May,5,1,0,1,0,0,0,0,0,0,0,1,0,0,0,0,0,0,0
2023-05-02,PO,CR_LI_HOL/Zalisz K,MSD,1116.0,,,0,,0,,0,,2023-05-01,Tuesday,May,5,0,0,0,0,0,1,0,0,0,0,1,0,0,0,0,0,0,0
2023-05-03,PO,CR_LI_HOL/Zalisz K,MSD,690.0,2023-05-03,2023-05-04,1,-,24,2.0,0,,2023-05-01,Wednesday,May,5,0,1,0,0,0,0,1,0,0,0,1,0,0,0,0,0,0,0
2023-05-04,PO,CR_LI_HOL/Zalisz K,MSD,807.0,2023-05-04,2023-05-04,1,Einschränkung,10,1.0,0,,2023-05-01,Thursday,May,5,0,1,0,0,1,0,0,0,0,0,1,0,0,0,0,0,0,0
2023-05-05,PO,CR_LI_HOL/Zalisz K,MSD,948.0,2023-05-05,2023-05-07,1,-,24,3.0,0,,2023-05-01,Friday,May,5,0,1,0,0,0,0,0,0,0,0,1,0,0,0,0,0,0,0
2023-05-06,PO,CR_LI_HOL/Zalisz K,MSD,1075.0,2023-05-06,2023-05-08,1,Einschränkung,24,3.0,0,,2023-05-01,Saturday,May,5,0,1,0,1,0,0,0,0,0,0,1,0,0,0,0,0,0,0
2023-05-08,PO,CR_LI_HOL/Zalisz K,MSD,1.0,2023-05-08,2023-05-08,1,Einschränkung,7,1.0,0,,2023-05-01,Monday,May,5,0,1,1,0,0,0,0,0,0,0,1,0,0,0,0,0,0,0
